name,ra,dec,significance,error_ellipse_r0,error_ellipse_r1,error_ellipse_angle,par_name,chan_filename
2CXO J111959.4+063641,169.99782625977878,6.611405677794361,4.722222222222108,1.1596740777567658,0.6350048120708297,136.16715477577975,Par001,acisfJ1120012p064141_001N026_r0001b_regimg3.fits
2CXO J112001.2+063610,170.0051748613581,6.602871447121523,2.5555555555554004,2.9507247161745966,1.257914592239446,138.978517818481,Par001,acisfJ1120012p064141_001N026_r0055b_regimg3.fits
2CXO J112008.8+063438,170.03689482267723,6.57743895256458,2.205128205128177,3.478848762186354,3.478846046653182,0.0,Par001,acisfJ1120012p064141_001N026_r0042b_regimg3.fits
2CXO J112009.1+063814,170.0380938394013,6.637489557168292,4.315789473684218,0.8489264690973937,0.6820370972700822,119.9695832330379,Par001,acisfJ1120012p064141_001N026_r0002b_regimg3.fits
2CXO J114824.6+524847,177.1028509006768,52.8130742669474,2.702702702703,1.3408824518443836,0.6760269657304904,177.74147161903798,Par002,acisfJ1148186p525155_001N020_r0051b_regimg3.fits
2CXO J114824.3+524815,177.10147279233863,52.804438153474834,7.084869379600403,0.4285953907406298,0.3447878375227419,175.47293452772456,Par002,acisfJ1148186p525155_001N020_r0004b_regimg3.fits
2CXO J114825.1+524724,177.10458383123546,52.790178687969984,6.723541974523,0.6945951884171826,0.4392737676084544,170.2902156792959,Par002,acisfJ1148186p525155_001N020_r0002b_regimg3.fits
2CXO J114831.2+524807,177.13019067513562,52.80215722584808,3.294117647059011,1.1787302975429368,0.6630247164647675,172.77258909251188,Par002,acisfJ1148186p525155_001N020_r0062b_regimg3.fits
2CXO J114833.2+524845,177.13834623847174,52.81274105688525,2.540540540541,1.300205873136152,0.6276201047250713,166.37555148605676,Par002,acisfJ1148186p525155_001N020_r0050b_regimg3.fits
2CXO J114833.5+524939,177.13960604643228,52.82769887372403,5.411764705882419,0.4763248392502037,0.363266630400441,148.6944903610348,Par002,acisfJ1148186p525155_001N020_r0014b_regimg3.fits
2CXO J114835.3+524912,177.14713057877975,52.82011766902345,3.142857142857161,0.9993021059839712,0.501746609835467,150.46139046759714,Par002,acisfJ1148186p525155_001N020_r0011b_regimg3.fits
2CXO J114835.5+524903,177.1481485216549,52.81776076151445,4.000000000000136,0.7498341208545934,0.4808353121952346,162.7227432922072,Par002,acisfJ1148186p525155_001N020_r0009b_regimg3.fits
2CXO J114837.4+524717,177.15603788105784,52.7882971387532,6.5060507118744,0.8256272448845671,0.5703040777549181,177.55340174545483,Par002,acisfJ1148186p525155_001N020_r0001b_regimg3.fits
2CXO J114839.8+524721,177.16615156763692,52.78920856528073,3.575757575758,1.865159355527017,0.6715895729791767,163.42668322836917,Par002,acisfJ1148186p525155_001N020_r0061b_regimg3.fits
2CXO J114840.1+524928,177.16739644685208,52.8245831239731,2.83333333333332,1.2156246604013956,0.6295888264128743,153.2845550928933,Par002,acisfJ1148186p525155_001N020_r0067b_regimg3.fits
2CXO J114847.2+524555,177.19671806071824,52.76529613803452,3.17647058823527,2.6057310994882044,1.3149156601454135,152.30718080779016,Par002,acisfJ1148186p525155_001N020_r0060b_regimg3.fits
2CXO J114850.2+524830,177.20933949404457,52.808515651666994,9.673430256148,0.7219906134078892,0.4759081651059134,162.3475451456214,Par002,acisfJ1148186p525155_001N020_r0006b_regimg3.fits
2CXO J100127.8+022358,150.36609624670484,2.3994736152064267,3.818181818181736,0.4465787577761569,0.3695830600448719,47.738085548445326,Par003,acisfJ1001328p022531_001N029_r0021b_regimg3.fits
2CXO J100130.5+022528,150.37749877627044,2.4246393882169976,3.257142857142642,0.594949909416535,0.5518334771389993,175.45061420056703,Par003,acisfJ1001328p022531_001N029_r0030b_regimg3.fits
2CXO J100136.4+022238,150.4018024361854,2.3774316502875013,2.800000000000256,2.0403300896037924,1.5836297892465814,125.64312397850168,Par003,acisfJ1001211p021720_001N029_r0073b_regimg3.fits
2CXO J100136.7+022323,150.402973452987,2.3898656643489247,6.899141016040351,0.4417293162732914,0.3613109546263562,131.69632620850544,Par003,acisfJ1001328p022531_001N029_r0013b_regimg3.fits
2CXO J100137.0+022410,150.4045380414886,2.402858715168895,3.757575757575348,0.407558380637027,0.3754160678712032,115.93389020541125,Par003,acisfJ1001328p022531_001N029_r0023b_regimg3.fits
2CXO J100137.5+022155,150.40667880299122,2.365481688217676,3.3714285714284333,0.5729400582503562,0.468546309797104,136.88350029035033,Par003,acisfJ1001328p022531_001N031_r0005b_regimg3.fits
2CXO J100138.7+022126,150.4114629680447,2.3573913786899423,4.722222222222245,0.8515541942294754,0.7367303769732444,136.79331440148755,Par003,acisfJ1001211p021720_001N031_r0032b_regimg3.fits
2CXO J100139.7+022548,150.4155914139692,2.4302199815354264,4.378378378378565,0.5049559475960298,0.4436711950326589,89.86506191627143,Par003,acisfJ1002019p022207_001N029_r0072b_regimg3.fits
2CXO J100141.2+022307,150.42193972971165,2.385485581189052,6.86885418990557,0.4552315316238294,0.3657417224472725,103.96616088382562,Par003,acisfJ1001328p022531_001N029_r0012b_regimg3.fits
2CXO J100142.3+022552X,150.4264047774,2.431205243194,7.599346110388,5.924488465102,5.924488465102,0.0,Par003,acisfJ1002106p022956_001N033_r9002b_regimg3.fits
2CXO J100143.2+022617,150.43037549733504,2.4382127169287338,4.258064516129217,0.5071401084380894,0.4768104988752834,73.89955203236264,Par003,acisfJ1002019p022207_001N031_r0132b_regimg3.fits
2CXO J100143.4+022329,150.43093019281906,2.3916305565296927,4.263157894737255,0.5061891970227627,0.397192898205131,110.43333118856796,Par003,acisfJ1001328p022531_001N029_r0016b_regimg3.fits
2CXO J100143.4+022623,150.43108072163443,2.4398012233348334,2.157894736842114,1.3259157172687144,1.2634859317111298,100.07922108661826,Par003,acisfJ1002106p022956_001N031_r0046b_regimg3.fits
2CXO J100144.6+022648,150.4359197174184,2.446830104569759,2.0512820512820573,1.0896361945548814,0.9103357569018892,72.1325231925783,Par003,acisfJ1001328p022531_001N029_r0058b_regimg3.fits
2CXO J100145.1+022456,150.43815568723352,2.415792366158717,6.516463232048379,0.3839256712936938,0.3394307673120039,95.0301123050661,Par003,acisfJ1001328p022531_001N029_r0029b_regimg3.fits
2CXO J100146.6+022211,150.44452278317272,2.3697375352095764,5.085714285714362,0.5244210503607651,0.4181527073547951,101.39886321560412,Par003,acisfJ1001328p022531_001N029_r0008b_regimg3.fits
2CXO J100146.9+022448,150.44577071645983,2.4135291034397746,2.4285714285712614,2.070289109219313,1.3280301062344158,142.28783580672695,Par003,acisfJ1001397p023235_001N031_r0064b_regimg3.fits
2CXO J100148.0+022317,150.45016340355323,2.388127932569448,2.1052631578947487,1.607208332578524,1.607214210415307,0.0,Par003,acisfJ1001328p022531_001N029_r0067b_regimg3.fits
2CXO J100150.0+022350,150.45842517394078,2.39737137713077,2.578947368421,0.8868070543372364,0.638143526843494,108.03457195686492,Par003,acisfJ1002019p022207_001N031_r0045b_regimg3.fits
2CXO J122645.3+214432,186.6889169215501,21.742393713907752,9.08996795664135,0.550178998021599,0.3703490972095438,76.32155856459246,Par004,acisfJ1226428p215013_001N028_r0002b_regimg3.fits
2CXO J122647.7+214401,186.69885893687547,21.733673996661054,15.25273258782353,0.4553352793710107,0.3890950662466084,15.783674762786973,Par004,acisfJ1226428p215013_001N028_r0001b_regimg3.fits
2CXO J100226.1+020429,150.608802452497,2.074767462234927,2.4324324324324325,1.6336729358095057,1.1102827812912768,20.519154592040763,Par005,acisfJ1002384p020202_001N029_r0074b_regimg3.fits
2CXO J100226.6+020541,150.6109075194801,2.094824671284833,2.0000000000000004,1.623344313257116,1.5033094498238808,1.906249297044269,Par005,acisfJ1002123p020448_001N029_r0107b_regimg3.fits
2CXO J100226.9+020439,150.61227659533438,2.077664200529696,2.1052631578947283,1.0784948993407637,0.8056419846879878,179.63567837803976,Par005,acisfJ1002123p020448_001N029_r0051b_regimg3.fits
2CXO J100227.5+020417,150.61477610797726,2.0713637301071794,2.702702702703,0.823972199784398,0.6500748485285237,177.56246648178302,Par005,acisfJ1002384p020202_001N031_r0042b_regimg3.fits
2CXO J100228.8+020506,150.61991339762665,2.085299384293884,3.166666666667,0.9753093701444177,0.6953156476582918,7.528992999223647,Par005,acisfJ1002123p020448_001N031_r0053b_regimg3.fits
2CXO J100230.8+020542,150.62869450257523,2.095184469803969,3.142857142857096,0.8172433726088502,0.7687272088537477,96.62270771088214,Par005,acisfJ1002123p020448_001N031_r0075b_regimg3.fits
2CXO J100231.6+020415,150.63175022434984,2.070946490951334,5.759231233583425,0.4058278473977894,0.3576053312432338,12.766732717156344,Par005,acisfJ1002123p020448_001N031_r0018b_regimg3.fits
2CXO J100233.3+020718,150.63910903396106,2.121740955263878,4.0000000000001945,0.6065628604871774,0.4856346753363697,11.088920104999517,Par005,acisfJ1002499p020946_001N031_r0007b_regimg3.fits
2CXO J100234.4+020705,150.6437293926616,2.118270640981032,4.193548387097,0.5920848769593628,0.5026495452422622,9.571679105582092,Par005,acisfJ1002123p020448_001N031_r0029b_regimg3.fits
2CXO J100235.4+020805,150.64784903735028,2.134624727228778,2.611111111111,1.502479721523679,0.971801543697774,4.963531993275751,Par005,acisfJ1002499p020946_001N031_r0051b_regimg3.fits
2CXO J100236.3+020415,150.6513924353083,2.0709506857800872,2.315789473684191,0.6285676641952522,0.481699000310898,92.51246230520276,Par005,acisfJ1002384p020202_001N029_r0026b_regimg3.fits
2CXO J100236.4+020715,150.6518717436573,2.120863970569036,6.995703998302751,0.4212700856219459,0.3727898382542917,179.3015792313917,Par005,acisfJ1002499p020946_001N029_r0006b_regimg3.fits
2CXO J100236.5+020217,150.65212184569077,2.038134103994281,5.142857142857126,0.5170465042969468,0.4315279111257942,8.962945916398638,Par005,acisfJ1002499p020946_001N031_r0046b_regimg3.fits
2CXO J100239.2+020337,150.66355521703952,2.06028789449046,6.885495123120378,0.4352227542709838,0.4153987045771614,97.71654960116308,Par005,acisfJ1002123p020448_001N031_r0013b_regimg3.fits
2CXO J100240.8+020325,150.6700750663349,2.0569914861522696,2.540540540540549,0.5207695076974217,0.4456470099195839,37.34681160865111,Par005,acisfJ1002384p020202_001N029_r0022b_regimg3.fits
2CXO J100242.4+020229,150.67680401472228,2.0415519831747466,2.7999999999998697,6.365005092764974,3.906362065339697,65.5065976800027,Par005,acisfJ1003079p015931_001N029_r0069b_regimg3.fits
2CXO J100243.8+020502,150.68265272165036,2.0840642033283534,7.930660052438205,0.364097854973636,0.342464775544959,62.67268811428809,Par005,acisfJ1002384p020202_001N029_r0029b_regimg3.fits
2CXO J100244.6+020419,150.68608025910748,2.072150983189667,2.918918918919,0.8543618302297162,0.7244202524406816,163.0710957874495,Par005,acisfJ1002499p020946_001N031_r0034b_regimg3.fits
2CXO J100233.3+020718,150.63910903396106,2.121740955263878,4.0000000000001945,0.6065628604871774,0.4856346753363697,11.088920104999517,Par006,acisfJ1002499p020946_001N031_r0007b_regimg3.fits
2CXO J100234.4+020705,150.6437293926616,2.118270640981032,4.193548387097,0.5920848769593628,0.5026495452422622,9.571679105582092,Par006,acisfJ1002123p020448_001N031_r0029b_regimg3.fits
2CXO J100235.4+020805,150.64784903735028,2.134624727228778,2.611111111111,1.502479721523679,0.971801543697774,4.963531993275751,Par006,acisfJ1002499p020946_001N031_r0051b_regimg3.fits
2CXO J100236.4+020715,150.6518717436573,2.120863970569036,6.995703998302751,0.4212700856219459,0.3727898382542917,179.3015792313917,Par006,acisfJ1002499p020946_001N029_r0006b_regimg3.fits
2CXO J100243.4+021032,150.680897226041,2.175523840251059,2.777777777778,0.5241958268846111,0.4689594528007821,42.219107462029626,Par006,acisfJ1002499p020946_001N031_r0072b_regimg3.fits
2CXO J100243.8+020502,150.68265272165036,2.0840642033283534,7.930660052438205,0.364097854973636,0.342464775544959,62.67268811428809,Par006,acisfJ1002384p020202_001N029_r0029b_regimg3.fits
2CXO J100244.7+020744,150.6864367398253,2.1288010699579583,1.842105263158,1.0804770729493045,0.8731624516235643,13.923248346476242,Par006,acisfJ1002499p020946_001N031_r0039b_regimg3.fits
2CXO J100247.9+020648,150.6997449378806,2.1134119790365937,2.486486486486428,0.9181990040022106,0.6302112226570716,148.38101592166169,Par006,acisfJ1002499p020946_001N029_r0004b_regimg3.fits
2CXO J100249.9+020753,150.70805051820105,2.131437827449275,2.157894736842086,0.6611269866313388,0.5392354864484862,124.01592559579647,Par006,acisfJ1002499p020946_001N031_r0071b_regimg3.fits
2CXO J100250.2+020850,150.7092407895634,2.147343873675803,4.526315789473793,0.4806977641891735,0.3986292467615829,151.15232320045237,Par006,acisfJ1002499p020946_001N031_r0008b_regimg3.fits
2CXO J112039.8+064056,170.16611193903668,6.682245816183892,4.432432432432472,2.993045211275017,2.105149691665389,90.74708327960212,Par008,acisfJ1120012p064141_001N026_r0033b_regimg3.fits
2CXO J121222.3+272858,183.09339473197429,27.48270663201391,3.371428571428462,1.636506857651795,1.1571745768340929,82.77281954770149,Par009,acisfJ1212049p273400_001N026_r0054b_regimg3.fits
2CXO J121223.2+273047,183.0967877191072,27.5129427628333,6.704914351384942,0.5998441811151823,0.5332988674638203,68.6530853722661,Par009,acisfJ1212049p273400_001N026_r0001b_regimg3.fits
2CXO J121229.5+272803,183.12338549367928,27.46753733035396,2.59459459459459,2.5783840969509284,1.890299445923006,81.52558941258968,Par009,acisfJ1212049p273400_001N026_r0044b_regimg3.fits
2CXO J121234.5+273200,183.1442722579343,27.53340693603992,3.89743589743589,2.310798168495696,1.1437902010611969,45.53574032934387,Par009,acisfJ1212049p273400_001N026_r0024b_regimg3.fits
2CXO J121235.3+273152,183.1472382232663,27.531246020632263,2.904761904761973,2.4497106787444243,1.3817016253874972,32.327244187582664,Par009,acisfJ1212049p273400_001N026_r0023b_regimg3.fits
2CXO J133814.5-195440,204.56066997838585,-19.911292833587805,15.217352235992566,1.432886944573838,1.0416454165269682,55.951444474010486,Par011,acisfJ1338245m194258_001N026_r0118b_regimg3.fits
2CXO J133819.7-195018,204.5823111416989,-19.838427100241567,2.9411764705885144,3.5378564926108607,2.10283734297804,58.76400894639255,Par011,acisfJ1338245m194258_001N026_r0105b_regimg3.fits
2CXO J145715.7+244231,224.3155913724686,24.70859315730473,2.999999999999915,3.4032053173283767,2.140232569658145,68.10964820287472,Par014,acisfJ1457012p243701_001N026_r0030b_regimg3.fits
2CXO J145720.6+244054,224.33596845640488,24.681640841503945,2.432432432432419,2.6502572043101607,1.4975074684882443,86.3201072368226,Par014,acisfJ1457012p243701_001N026_r0029b_regimg3.fits
2CXO J145721.5+244350,224.33972107919703,24.73074300997193,5.538042864638154,2.1367846876728382,1.3343354712109303,62.70630565875248,Par014,acisfJ1457012p243701_001N026_r0019b_regimg3.fits
2CXO J145725.7+244150,224.35730373472927,24.697278909022355,3.14285714285722,2.820301757959936,2.125627666915088,67.47473278558556,Par014,acisfJ1457012p243701_001N026_r0033b_regimg3.fits
2CXO J145729.1+244430,224.3712252281315,24.741718488935422,7.57822121643956,2.9425060685494504,1.7409868326291889,85.11815295625365,Par014,acisfJ1457012p243701_001N026_r0050b_regimg3.fits
2CXO J100106.6+015211,150.2777385715882,1.869809083906204,3.116279069767244,1.1046571231191735,1.1046528471571508,0.0,Par017,acisfJ1001183p015203_001N031_r0068b_regimg3.fits
2CXO J100111.1+015322,150.29627799565378,1.8895881933838807,2.702702702703,0.8190100666568371,0.4992456561813686,107.5408664524151,Par017,acisfJ1001183p015203_001N031_r0018b_regimg3.fits
2CXO J100111.0+015334,150.29615471008316,1.892977117899057,2.263157894736837,0.573994352599176,0.5206425099720503,111.88917737154128,Par017,acisfJ1001183p015203_001N030_r0020b_regimg3.fits
2CXO J100113.4+015229,150.3061822695267,1.8749288052440167,4.486486486486394,3.800961005497534,2.4018270262123327,4.959471580930028,Par017,acisfJ1000482p015447_001N031_r0061b_regimg3.fits
2CXO J100114.0+015329,150.30874006300473,1.8914992937405035,6.357142857142697,0.3856197567571412,0.3538876004965657,108.30158850465467,Par017,acisfJ1001183p015203_001N030_r0019b_regimg3.fits
2CXO J100114.1+015444,150.3088789066137,1.9122725925968684,10.193720176196472,0.3633056365363471,0.3565868192569411,174.41899347577402,Par017,acisfJ1001183p015203_001N030_r0025b_regimg3.fits
2CXO J100115.9+015312,150.31660389956062,1.8869825166544616,3.935483870967806,0.3986529445830882,0.3615723225630059,128.83326313444883,Par017,acisfJ1001183p015203_001N031_r0016b_regimg3.fits
2CXO J100119.1+015427,150.32988788602506,1.9075932607663684,2.2999999999999825,1.0367319071359786,0.6724049359543844,128.27934599419885,Par017,acisfJ1001183p015203_001N030_r0023b_regimg3.fits
2CXO J100118.5+015542,150.32721256009444,1.9285253963715536,6.122122551967173,0.3844789106403081,0.3622379572127007,170.6585495045304,Par017,acisfJ1001183p015203_001N030_r0027b_regimg3.fits
2CXO J100121.7+015313,150.34045541484852,1.8872414728991096,2.0512820512820182,0.5056009759426561,0.4884858585413162,37.0683141917107,Par017,acisfJ1001183p015203_001N031_r0017b_regimg3.fits
2CXO J095824.6+021356,149.60244091813604,2.2323950698155444,2.060606060606075,0.8397068635308942,0.6752229720313405,40.35965339396276,Par020,acisfJ0958306p021622_001N031_r0088b_regimg3.fits
2CXO J095835.4+021526,149.6475175401451,2.257450009988023,3.235294117646828,0.4216175277800343,0.3924914733485923,83.97988905308245,Par020,acisfJ0958306p021622_001N029_r0009b_regimg3.fits
2CXO J095823.0+021311,149.59605184345395,2.2199648421455622,7.180533473007692,0.3874527527724106,0.3629544304038367,25.264022335713804,Par020,acisfJ0958203p020845_001N029_r0099b_regimg3.fits
2CXO J095823.2+021455,149.5969010986006,2.248771942663866,3.0000000000001674,0.7261981222888708,0.4284631207674176,64.28135352094841,Par020,acisfJ0958306p021622_001N031_r0008b_regimg3.fits
2CXO J095823.2+021501,149.59675610846398,2.250374275408183,2.05128205128204,1.2761666304850188,0.8358956244667629,153.556243867555,Par020,acisfJ0958306p021622_001N031_r0048b_regimg3.fits
2CXO J095823.6+021201,149.59863306707393,2.200336976811069,2.800000000000033,1.432926501617061,1.0711029451750764,40.34682017984585,Par020,acisfJ0958479p020543_001N031_r0085b_regimg3.fits
2CXO J095824.5+021111,149.60211058570212,2.1864272889815344,1.897435897436,2.1549072693185582,1.400765458043957,47.52373639737428,Par020,acisfJ0958306p021622_001N031_r0085b_regimg3.fits
2CXO J095827.0+021549,149.61248995680774,2.26377439980292,4.258064516129021,0.6856840225150228,0.5344667213289692,65.02415868763359,Par020,acisfJ0959297p021110_001N029_r0088b_regimg3.fits
2CXO J095827.0+021618,149.6126893402919,2.2717343424598933,9.12369091220507,0.5127624921766769,0.4241530287839886,156.79217697099276,Par020,acisfJ0958370p022359_001N029_r0002b_regimg3.fits
2CXO J095828.2+021256,149.61754671524812,2.215559036276161,4.457142857143,0.4337551277952656,0.3995169530676362,33.010829600557884,Par020,acisfJ0958306p021622_001N031_r0003b_regimg3.fits
2CXO J095828.4+021316,149.6185425754369,2.22112858750415,3.028571428572,7.094932944707118,6.221513968060189,141.0619365603028,Par020,acisfJ0958479p020543_001N031_r0096b_regimg3.fits
2CXO J095829.0+021155,149.6208742006748,2.198765929721454,2.486486486486512,1.377017061431516,0.9968553749290998,140.6205255565213,Par020,acisfJ0958203p020845_001N029_r0045b_regimg3.fits
2CXO J095829.2+021543,149.62166302040947,2.2619378106413293,5.062500000000175,0.3498334779222732,0.3304617998513795,39.06506327047788,Par020,acisfJ0958306p021622_001N031_r0010b_regimg3.fits
2CXO J095829.8+021050,149.6241967095499,2.180632335915621,10.029436128004928,0.3289575565029262,0.3255222046255292,163.82413190965616,Par020,acisfJ0958203p020845_001N029_r0025b_regimg3.fits
2CXO J095832.1+021257,149.63369777346725,2.2158829315409068,1.95,2.100158126377901,1.327133504147736,141.1077952659306,Par020,acisfJ0958203p020845_001N031_r0091b_regimg3.fits
2CXO J095833.2+021058,149.63858523411068,2.1828871171533684,3.757575757576,0.7755115486211204,0.6376548155289665,17.354199396347553,Par020,acisfJ0958306p021622_001N031_r0058b_regimg3.fits
2CXO J095835.7+021358,149.648793074448,2.232817823194638,3.875000000000363,0.4932107809344999,0.4269611972834193,21.675721538239088,Par020,acisfJ0958306p021622_001N031_r0005b_regimg3.fits
2CXO J095835.9+021233,149.64968048573542,2.209151212004885,2.4324324324324973,1.804408732203723,1.8044113499362,0.0,Par020,acisfJ0958306p021622_001N031_r0060b_regimg3.fits
2CXO J095840.8+021337,149.6703108241594,2.2271753958791023,2.702702702703,1.054660084909842,0.90613879808311,24.529861722360778,Par020,acisfJ0958597p021353_001N031_r0059b_regimg3.fits
2CXO J114857.9+222335,177.241682134666,22.393442969403377,5.08571428571475,1.802025019421416,1.20002480350913,95.18317630348798,Par022,acisfJ1149288p222105_001N026_r0032b_regimg3.fits
2CXO J114858.7+222726,177.24493427742186,22.457360302687743,2.0,9.089050554652855,8.130527288930804,134.33442781014242,Par022,acisfJ1149288p222105_001N026_r0064b_regimg3.fits
2CXO J114859.4+222519,177.24792185472438,22.42235302711921,4.833333333333942,1.9270664150091368,1.2446116485882055,107.8039029467878,Par022,acisfJ1149288p222105_001N026_r0039b_regimg3.fits
2CXO J114903.3+222437,177.26398791043448,22.41055927673312,5.200000000000607,2.9048157665773795,1.9865416597671004,119.77227421529491,Par022,acisfJ1149288p222105_001N026_r0076b_regimg3.fits
2CXO J114908.0+222455,177.28360467962636,22.41546768015949,3.5757575757576703,2.4821818408691785,1.720120171880872,99.20071685617674,Par022,acisfJ1149288p222105_001N026_r0061b_regimg3.fits
2CXO J114908.3+222759,177.28475201947788,22.46664804792776,4.352941176470473,1.1275695164720076,1.096795601781443,114.5192755246417,Par022,acisfJ1149341p222725_002N027_r0062b_regimg3.fits
2CXO J114912.1+222441,177.30101829292926,22.411659574664405,5.333333333332689,0.7857976428098732,0.7472089987261562,59.437180086950974,Par022,acisfJ1149341p222725_002N027_r0029b_regimg3.fits
2CXO J114912.9+222732,177.30419420097928,22.459045258795594,6.292851304033097,0.4294321544835507,0.3819150065354109,179.08599375090296,Par022,acisfJ1149341p222725_002N027_r0055b_regimg3.fits
2CXO J114914.4+222543,177.3102624253072,22.42872801418924,2.571428571428629,1.0971659070909427,0.6671651461423261,159.83521760924472,Par022,acisfJ1149341p222725_002N020_r0131b_regimg3.fits
2CXO J114914.4+222647,177.31110626000748,22.44650017010403,7.221688460950219,0.4763050058897897,0.3713298628843698,175.35617580800408,Par022,acisfJ1149341p222725_002N027_r0050b_regimg3.fits
2CXO J114915.0+222537,177.31285066212308,22.42714183619979,3.71428571428575,0.51870649509345,0.4910800922073558,8.066580940147674,Par022,acisfJ1149341p222725_002N027_r0035b_regimg3.fits
2CXO J100006.4+023343,150.02680673614725,2.562057627508568,6.349321218031308,0.3801050132392108,0.3392776585883414,100.57064236290653,Par023,acisfJ1000026p023344_001N029_r0015b_regimg3.fits
2CXO J100006.5+023259,150.02735002970255,2.5500318334556646,4.11111111111109,0.5215580146719203,0.4370530588495759,127.99524309577473,Par023,acisfJ1000026p023344_001N031_r0012b_regimg3.fits
2CXO J100006.8+023308,150.02861059226103,2.552331123084111,2.315789473684277,0.6903387532520892,0.5255547075978424,112.52327061513552,Par023,acisfJ1000026p023344_001N029_r0037b_regimg3.fits
2CXO J100007.3+023253,150.0306081613495,2.548371264387673,4.16216216216218,1.312326715004344,0.7765158754057522,153.21948486227535,Par023,acisfJ1000026p023344_001N031_r0011b_regimg3.fits
2CXO J100007.8+023507,150.03269874293022,2.5854185422511025,2.199999999999976,3.331930508139427,1.5085444045964578,134.53153185519307,Par023,acisfJ1000109p024058_001N029_r0104b_regimg3.fits
2CXO J100011.7+023511,150.04902418692103,2.586632539940279,5.66666666666676,0.7389581709674385,0.5396382755325185,139.7661570851059,Par023,acisfJ1001027p022815_001N031_r0109b_regimg3.fits
2CXO J100012.7+023544,150.05296005810214,2.5957978817962166,2.470588235294,1.6987553612906294,0.8997147863855415,134.0619942367755,Par023,acisfJ1001027p022815_001N031_r0109b_regimg3.fits
2CXO J100012.9+023522,150.05377078589015,2.589708172242322,16.326632829831397,0.3209777435656139,0.301647689763089,86.3418592497278,Par023,acisfJ1000026p023344_001N031_r0020b_regimg3.fits
2CXO J100014.1+023019,150.0591464230808,2.5052783996512726,3.515151515151368,0.914270667634516,0.7462854927237834,165.4468040209093,Par023,acisfJ1000327p023059_001N031_r0017b_regimg3.fits
2CXO J100016.0+023412,150.06673255555546,2.570276946804236,2.3783783783783554,2.220645250349764,0.7895456059669629,84.81761921378109,Par023,acisfJ1000026p023344_001N029_r0055b_regimg3.fits
2CXO J100020.3+023455,150.0846297047027,2.5823115387244906,4.222222222222333,0.6260829202645704,0.5529280178822049,36.645966666053766,Par023,acisfJ1000327p023059_001N031_r0054b_regimg3.fits
2CXO J100024.6+023149,150.10267747144422,2.5303136573121,14.196237192483965,0.3018668343770596,0.2997942486554455,34.71478466751364,Par023,acisfJ1000327p023059_001N029_r0024b_regimg3.fits
2CXO J100024.8+023302,150.1035415307943,2.5507635012024785,6.871152176998148,0.361964020600809,0.3282963834799305,14.792159118324236,Par023,acisfJ1000327p023059_001N029_r0028b_regimg3.fits
2CXO J100025.0+023249,150.10437260308868,2.546956009986002,1.945945945945942,1.5137331723322354,1.24214616737827,58.681485856900224,Par023,acisfJ1000327p023059_001N029_r0066b_regimg3.fits
2CXO J100026.7+023259,150.11151809642502,2.5497285234935805,2.6111111111111165,0.8363532124471107,0.5633710136872705,36.18383719532005,Par023,acisfJ1000327p023059_001N029_r0026b_regimg3.fits
2CXO J100022.4+023025,150.09340006697414,2.5072276032465446,2.6666666666666967,1.302206039190703,1.1154567031726808,106.35113024006782,Par024,acisfJ1000327p023059_001N031_r0046b_regimg3.fits
2CXO J100024.6+023149,150.10267747144422,2.5303136573121,14.196237192483965,0.3018668343770596,0.2997942486554455,34.71478466751364,Par024,acisfJ1000327p023059_001N029_r0024b_regimg3.fits
2CXO J100028.1+022748,150.11751249275528,2.463584354416009,3.352941176471,0.9219261786528044,0.6585570940981531,153.22105517606386,Par024,acisfJ1000327p023059_001N031_r0043b_regimg3.fits
2CXO J100028.5+022725,150.11893457909417,2.4569927584711384,2.7027027027027555,1.459266379558591,0.7511998346896571,148.1044189158425,Par024,acisfJ1000327p023059_001N029_r0108b_regimg3.fits
2CXO J100029.2+023132,150.12202561872687,2.525752074483894,2.7999999999999745,0.6470159194075747,0.5240336060442148,17.412893736369853,Par024,acisfJ1000327p023059_001N031_r0022b_regimg3.fits
2CXO J100029.7+023044,150.12412295082763,2.512268938422655,2.486486486486493,0.4968842327534899,0.4321076545650112,85.79096815811528,Par024,acisfJ1000327p023059_001N029_r0018b_regimg3.fits
2CXO J100030.0+022721,150.1251618005996,2.4558596594311624,3.757575757575664,0.5994030478635137,0.5116281868144688,159.40886086808794,Par024,acisfJ1000217p022329_001N031_r0036b_regimg3.fits
2CXO J100031.2+022819,150.13033924434535,2.4721241583909723,4.571428571428661,0.4339946350478823,0.3892771178227673,140.04781673900948,Par024,acisfJ1000327p023059_001N031_r0010b_regimg3.fits
2CXO J100031.7+023123,150.132326060717,2.523241121792468,4.33333333333338,0.3709607879943086,0.3595680253269678,45.23775667668821,Par024,acisfJ1000327p023059_001N029_r0021b_regimg3.fits
2CXO J100032.0+022726,150.1337206510119,2.4574284222196066,2.1538461538461173,1.032614119817186,0.6614412726580868,136.5696318712976,Par024,acisfJ1000327p023059_001N029_r0009b_regimg3.fits
2CXO J100033.2+022800,150.1384369217252,2.466683578640368,2.1025641025641257,1.21875245105523,1.2187485753951062,0.0,Par024,acisfJ1000327p023059_001N029_r0061b_regimg3.fits
2CXO J100033.2+023145,150.13852045605694,2.529327214430316,3.0285714285714262,0.4192019212055495,0.3813456616280937,75.44307273219465,Par024,acisfJ1000327p023059_001N029_r0098b_regimg3.fits
2CXO J100036.0+022830,150.15024981610395,2.475187161731346,9.027767813310376,0.3421197880140993,0.3171732208167869,147.87426422313638,Par024,acisfJ1000327p023059_001N029_r0012b_regimg3.fits
2CXO J100100.9+015547,150.25393170028008,1.929770301518852,5.058823529411318,0.7616344294989712,0.5637062852977767,154.2103854129078,Par025,acisfJ1000482p015447_001N030_r0093b_regimg3.fits
2CXO J100053.3+020041,150.2224539099284,2.011555721115023,2.2702702702702138,1.032673583702861,0.6775275251852875,141.28960147097757,Par025,acisfJ1000299p020542_001N030_r0045b_regimg3.fits
2CXO J100047.3+015907,150.19735603359237,1.985398032222188,3.176470588235431,1.8965386249711265,1.4845697606760442,51.42945401096796,Par025,acisfJ1000181p015731_001N030_r0097b_regimg3.fits
2CXO J100047.6+015910,150.19833672254288,1.9862725779305217,2.976744186047,1.2226219622119752,1.031547762731979,56.77046816077007,Par025,acisfJ1000181p015731_001N030_r0097b_regimg3.fits
2CXO J100048.8+015859,150.2037049648344,1.983135623944629,2.486486486486469,1.5828600704428806,1.5828630545716742,0.0,Par025,acisfJ1000592p020218_001N030_r0051b_regimg3.fits
2CXO J100051.9+015919,150.2163558414099,1.9887076262156704,8.442015032140052,0.3629414162426819,0.3368465000189083,65.02234937417688,Par025,acisfJ1000592p020218_001N030_r0010b_regimg3.fits
2CXO J100052.1+020018,150.2174020957939,2.0050629014053407,2.270270270270241,1.0190445676756086,1.0190352972582,0.0,Par025,acisfJ1000592p020218_001N030_r0070b_regimg3.fits
2CXO J100052.9+015714,150.22047993612028,1.9539332533192943,5.499888704794462,0.4665156078771399,0.3943404407145559,42.85419855997068,Par025,acisfJ1000592p020218_001N030_r0005b_regimg3.fits
2CXO J100055.2+015937,150.22988911111884,1.993708635671612,2.324324324324333,1.1791870351458549,1.0547406976890448,96.15164292383528,Par025,acisfJ1000592p020218_001N030_r0012b_regimg3.fits
2CXO J100055.3+015955,150.23063269421323,1.99878677095624,2.3243243243243503,1.0291776942289346,0.8756850924548946,44.85803740791761,Par025,acisfJ1000592p020218_001N030_r0108b_regimg3.fits
2CXO J100056.1+015642,150.23397660073903,1.9451365961761533,5.928571428571318,0.3658579367301829,0.3575128591461763,10.918443144510888,Par025,acisfJ1000482p015447_001N030_r0024b_regimg3.fits
2CXO J100055.8+015633,150.23257781888412,1.9426351941176363,8.348860990466022,0.3558309780114421,0.3251737681479673,84.75573257098534,Par025,acisfJ1000482p015447_001N030_r0023b_regimg3.fits
2CXO J100057.4+015548,150.23941566460047,1.9301718045475589,6.487089981561,0.3707824824232397,0.3564145755098882,161.0961819960921,Par025,acisfJ1000482p015447_001N030_r0020b_regimg3.fits
2CXO J100057.4+015901,150.23939687977395,1.983709026253195,2.857142857143,0.9382283889524776,0.7097842162367365,54.40424877335812,Par025,acisfJ1001292p015934_001N030_r0109b_regimg3.fits
2CXO J100058.6+020109,150.2444214555917,2.0192852276177056,2.555555555556,0.757555160401282,0.757555160401282,0.0,Par025,acisfJ1000592p020218_001N030_r0018b_regimg3.fits
2CXO J100100.8+015947,150.253398769611,1.99661450249814,7.840312604431,0.3312327507050392,0.3200788174921147,52.96325058926087,Par025,acisfJ1000592p020218_001N030_r0013b_regimg3.fits
2CXO J100101.8+020037,150.25778773310918,2.010569136660993,2.790697674419,0.4995294115283522,0.4495830965159963,46.37571263512342,Par025,acisfJ1000592p020218_001N031_r0107b_regimg3.fits
2CXO J100103.3+015650,150.26409279605696,1.947324080489164,4.875000000000056,0.51244919544792,0.4814734131946759,41.27388055681004,Par025,acisfJ1000482p015447_001N031_r0026b_regimg3.fits
2CXO J100103.5+015912,150.2648870498876,1.98693779796203,3.5384615384614504,0.632298882954699,0.5024991686796855,67.5175824855852,Par025,acisfJ1000592p020218_001N031_r0009b_regimg3.fits
2CXO J100103.6+020027,150.2651937235696,2.007599739177747,4.888888888889,0.4309473877719968,0.3696852900459667,17.108573765154773,Par025,acisfJ1000592p020218_001N030_r0016b_regimg3.fits
2CXO J100105.9+015919,150.27465214549738,1.988838348033034,3.294117647059,0.6527070879473679,0.5035508615652662,168.91165549930696,Par025,acisfJ1000592p020218_001N030_r0011b_regimg3.fits
2CXO J100106.8+015924,150.2784109103655,1.990238254704852,2.432432432433,0.8313740725027569,0.7327445356511397,48.28927909169272,Par025,acisfJ1000592p020218_001N030_r0052b_regimg3.fits
2CXO J100106.9+015734,150.27888723114086,1.9595166936385204,2.594594594595,1.5039063194828566,1.2658538819381642,70.19513321721476,Par025,acisfJ1001292p015934_001N030_r0065b_regimg3.fits
2CXO J100107.4+015717,150.28097271049154,1.954994897774056,2.7777777777778097,1.1889128093758727,0.9047615890673124,150.21955494382038,Par025,acisfJ1001183p015203_001N030_r0051b_regimg3.fits
2CXO J100018.3+022541,150.07654949172024,2.4282478430209906,2.4864864864864864,0.9774234875160668,0.6045035280149297,31.49965389094441,Par026,acisfJ1000217p022329_001N029_r0057b_regimg3.fits
2CXO J100022.7+022530,150.09493329897418,2.425109063497409,2.1025641025640898,0.621037978423306,0.5086931552027094,48.60155290598141,Par026,acisfJ1000217p022329_001N029_r0110b_regimg3.fits
2CXO J100024.2+022510,150.10091520480262,2.41943547131196,2.7222222222219554,0.5866591284044343,0.4468536751115204,44.18797938236693,Par026,acisfJ1000217p022329_001N031_r0032b_regimg3.fits
2CXO J100027.9+022529,150.11669797150432,2.4249254810565146,2.722222222222298,2.6859649545258,1.0888946745293722,141.37624819607856,Par026,acisfJ1000327p023059_001N031_r0059b_regimg3.fits
2CXO J100028.1+022748,150.11751249275528,2.463584354416009,3.352941176471,0.9219261786528044,0.6585570940981531,153.22105517606386,Par026,acisfJ1000327p023059_001N031_r0043b_regimg3.fits
2CXO J100028.5+022725,150.11893457909417,2.4569927584711384,2.7027027027027555,1.459266379558591,0.7511998346896571,148.1044189158425,Par026,acisfJ1000327p023059_001N029_r0108b_regimg3.fits
2CXO J100030.0+022721,150.1251618005996,2.4558596594311624,3.757575757575664,0.5994030478635137,0.5116281868144688,159.40886086808794,Par026,acisfJ1000217p022329_001N031_r0036b_regimg3.fits
2CXO J100031.2+022620,150.13040348578966,2.4389292348776297,2.2702702702702755,1.6904685941812188,0.8826266531962265,140.0926718280536,Par026,acisfJ1000327p023059_001N029_r0099b_regimg3.fits
2CXO J100031.2+022819,150.13033924434535,2.4721241583909723,4.571428571428661,0.4339946350478823,0.3892771178227673,140.04781673900948,Par026,acisfJ1000327p023059_001N031_r0010b_regimg3.fits
2CXO J100032.0+022726,150.1337206510119,2.4574284222196066,2.1538461538461173,1.032614119817186,0.6614412726580868,136.5696318712976,Par026,acisfJ1000327p023059_001N029_r0009b_regimg3.fits
2CXO J100033.2+022800,150.1384369217252,2.466683578640368,2.1025641025641257,1.21875245105523,1.2187485753951062,0.0,Par026,acisfJ1000327p023059_001N029_r0061b_regimg3.fits
2CXO J100036.0+022830,150.15024981610395,2.475187161731346,9.027767813310376,0.3421197880140993,0.3171732208167869,147.87426422313638,Par026,acisfJ1000327p023059_001N029_r0012b_regimg3.fits
2CXO J100037.0+022613,150.154321117937,2.437234311012367,4.000000000000165,0.878361829279995,0.6582701338856323,155.8869576154984,Par026,acisfJ1001027p022815_001N029_r0049b_regimg3.fits
2CXO J100037.9+022455,150.15834181617544,2.415360706156971,6.344362632455954,0.4232946710753988,0.3653023570560167,92.68632930896077,Par026,acisfJ1000217p022329_001N029_r0030b_regimg3.fits
2CXO J113147.6-121910,172.94854986623864,-12.319215665210042,4.054054054053832,8.126723473917021,3.9810958790072495,102.79628493905408,Par027,acisfJ1131517m123158_002N029_r0057b_regimg3.fits
2CXO J100013.3+022657,150.0556300312329,2.4492360214629367,2.799999999999788,1.0054938881814763,0.885559806590322,28.26158979194915,Par028,acisfJ1000217p022329_001N031_r0060b_regimg3.fits
2CXO J100013.9+022249,150.05804972391795,2.3803592491063568,3.87500000000002,0.689681585509414,0.6702730633557217,5.411117701726312,Par028,acisfJ1000217p022329_001N029_r0023b_regimg3.fits
2CXO J100014.9+022718,150.06209725561996,2.4550217318340186,9.193954802226,0.3753657367338637,0.3644479592283508,63.929060270316654,Par028,acisfJ1000217p022329_001N031_r0035b_regimg3.fits
2CXO J100015.3+022504,150.06415551837938,2.417840271792048,4.258064516129111,0.5231134043968431,0.3728531857625873,25.39299335743752,Par028,acisfJ1000217p022329_001N031_r0031b_regimg3.fits
2CXO J100016.4+022444,150.06859902640542,2.412462060795265,2.315789473684217,0.6026253008755307,0.4958183993153919,33.62786009020505,Par028,acisfJ1000217p022329_001N029_r0029b_regimg3.fits
2CXO J100017.1+022452,150.07131875882885,2.414505547338955,1.8536585365853648,0.6633950668875519,0.5343164591083922,35.182697683059075,Par028,acisfJ1000217p022329_001N029_r0071b_regimg3.fits
2CXO J100018.3+022541,150.07654949172024,2.4282478430209906,2.4864864864864864,0.9774234875160668,0.6045035280149297,31.49965389094441,Par028,acisfJ1000217p022329_001N029_r0057b_regimg3.fits
2CXO J100021.9+022327,150.09132035965558,2.391021286299331,3.6499999999998862,3.1245496264204804,1.7201586155552342,91.96365261300058,Par028,acisfJ1000510p022004_001N029_r0127b_regimg3.fits
2CXO J100021.9+022356,150.091551760411,2.399005928809984,7.148138089551853,0.3541677839969984,0.3533800370919126,169.6341260167243,Par028,acisfJ1000217p022329_001N029_r0027b_regimg3.fits
2CXO J100022.7+022530,150.09493329897418,2.425109063497409,2.1025641025640898,0.621037978423306,0.5086931552027094,48.60155290598141,Par028,acisfJ1000217p022329_001N029_r0110b_regimg3.fits
2CXO J100024.2+022510,150.10091520480262,2.41943547131196,2.7222222222219554,0.5866591284044343,0.4468536751115204,44.18797938236693,Par028,acisfJ1000217p022329_001N031_r0032b_regimg3.fits
2CXO J100027.9+022529,150.11669797150432,2.4249254810565146,2.722222222222298,2.6859649545258,1.0888946745293722,141.37624819607856,Par028,acisfJ1000327p023059_001N031_r0059b_regimg3.fits
2CXO J100028.5+022725,150.11893457909417,2.4569927584711384,2.7027027027027555,1.459266379558591,0.7511998346896571,148.1044189158425,Par028,acisfJ1000327p023059_001N029_r0108b_regimg3.fits
2CXO J100031.2+022620,150.13040348578966,2.4389292348776297,2.2702702702702755,1.6904685941812188,0.8826266531962265,140.0926718280536,Par028,acisfJ1000327p023059_001N029_r0099b_regimg3.fits
2CXO J100049.1+014409,150.20488331923764,1.7358818635204905,2.756756756757,0.7982381988485133,0.6832618150250975,77.38957854709827,Par029,acisfJ1000373p014716_001N031_r0041b_regimg3.fits
2CXO J100053.0+014123,150.22083646755942,1.6898518749669855,4.12500000000005,0.6055574707069771,0.538604429249504,70.9060325757273,Par029,acisfJ1001072p014432_001N031_r0007b_regimg3.fits
2CXO J100054.7+014602,150.22828119790233,1.767291666580434,3.757575757575853,0.604698841176948,0.4452122342249149,104.61684314133043,Par029,acisfJ1001072p014432_001N031_r0023b_regimg3.fits
2CXO J100058.2+014559,150.24250621229055,1.7663672206204173,18.11628639794625,0.308567827958885,0.2999517640924654,94.67222175870096,Par029,acisfJ1001072p014432_001N031_r0022b_regimg3.fits
2CXO J100058.4+014613,150.2433624554542,1.7703587215903165,5.028571428572,1.7011421711732124,1.489870562506429,92.2403151644084,Par029,acisfJ1000072p015000_001N031_r0003b_regimg3.fits
2CXO J100100.0+014439,150.25033438982769,1.744168889592747,2.971428571429,0.567938700325898,0.461926670564713,82.27823073239023,Par029,acisfJ1001072p014432_001N031_r0017b_regimg3.fits
2CXO J100101.0+014314,150.25454637436803,1.7206785426552278,2.8421052631578947,0.5435367918840168,0.433068533352753,49.28226728941945,Par029,acisfJ1001072p014432_001N031_r0082b_regimg3.fits
2CXO J100101.1+014132,150.25455631656683,1.6923634592677863,2.432432432432333,0.92352331841199,0.8002003507727578,126.44912894386542,Par029,acisfJ1000589p013718_001N031_r0036b_regimg3.fits
2CXO J100102.2+014525,150.25926989666584,1.7572273587122142,6.2366621292453885,0.38510495443344,0.354247795722886,127.17379543959872,Par029,acisfJ1001072p014432_001N031_r0019b_regimg3.fits
2CXO J100102.5+014418,150.26070596783185,1.7385318264070768,2.368421052631554,0.4788961819898983,0.4327302853844163,79.40563147008481,Par029,acisfJ1001072p014432_001N031_r0015b_regimg3.fits
2CXO J100102.9+014504,150.26244688845495,1.7513871383793558,3.23529411764704,0.4768402170688692,0.4552522830647172,113.7209264352456,Par029,acisfJ1001072p014432_001N031_r0018b_regimg3.fits
2CXO J100104.1+014203,150.2674215497923,1.7008728164394131,3.0,0.6854015281465725,0.6085298479790855,122.8120911406397,Par029,acisfJ1000589p013718_001N031_r0028b_regimg3.fits
2CXO J100107.2+014437,150.27999777684772,1.7437826835163537,4.0,0.4018275664912806,0.3801050132392108,99.67333234200852,Par029,acisfJ1001072p014432_001N031_r0016b_regimg3.fits
2CXO J100108.4+014338,150.2852178432148,1.727292469124219,1.8333333333333304,1.694426099986228,1.0632332225671526,46.47769384023261,Par029,acisfJ1001072p014432_001N031_r0055b_regimg3.fits
2CXO J123051.4+123212,187.7145126216426,12.53687961820735,4.473684210526149,2.7240892903942115,1.9246235554072064,47.21536147341413,Par031,acisfJ1230334p122951_002N036_r0050b_regimg3.fits
2CXO J123056.5+123301,187.7357731219687,12.550609477618131,2.742857142857,0.6504162622423335,0.6504235244168354,0.0,Par031,acisfJ1230504p122408_001N036_r0721b_regimg3.fits
2CXO J120135.3-184752,180.39722456811648,-18.79794080897463,11.241472666761023,0.8569232815131965,0.7657043040213989,72.41811467631996,Par032,acisfJ1201527m185305_001N027_r0135b_regimg3.fits
2CXO J120135.8-185047,180.3993557076083,-18.846537673261576,3.575757575757396,1.220084947589891,0.8383275731514899,82.67965466750275,Par032,acisfJ1201527m185305_001N027_r0116b_regimg3.fits
2CXO J120138.4-185050,180.4100859905756,-18.8472705553846,4.055555555555675,0.9024249316922384,0.6916238979685915,96.0365277821671,Par032,acisfJ1201527m185305_001N028_r0165b_regimg3.fits
2CXO J120141.4-184727,180.4225549065837,-18.791137473742683,20.22646078713661,0.3593314906572999,0.3476800269154713,64.13155898371264,Par032,acisfJ1201527m185305_001N028_r0304b_regimg3.fits
2CXO J120141.9-185126,180.42474140881927,-18.857428814983432,6.053463000135526,0.3728278480508807,0.348887055489455,146.41123895205806,Par032,acisfJ1201527m185305_001N028_r0110b_regimg3.fits
2CXO J120144.5-184554,180.43554167008097,-18.76515706347521,3.1764705882353783,3.217334372643345,3.21733290451374,0.0,Par032,acisfJ1201527m185305_001N028_r0333b_regimg3.fits
2CXO J120143.6-184857,180.43182028391743,-18.815927762323515,41.361892175913056,0.3025233157445588,0.3000934572961412,111.81490811861208,Par032,acisfJ1201527m185305_001N028_r0303b_regimg3.fits
2CXO J120143.7-184822,180.43217966989263,-18.8062760827837,3.7222222222220913,0.7598400112655845,0.631207276778711,121.20553535427756,Par032,acisfJ1201527m185305_001N028_r0133b_regimg3.fits
2CXO J120144.5-184927,180.43556728433907,-18.82412742047396,7.205260530559687,0.56034454210982,0.471560942067352,137.35583185790065,Par032,acisfJ1201527m185305_001N028_r0126b_regimg3.fits
2CXO J120144.5-185020,180.43547386752948,-18.83893868125614,4.054054054054121,0.4594248569131948,0.3887307073174899,145.75677482925136,Par032,acisfJ1201527m185305_001N028_r0119b_regimg3.fits
2CXO J120146.0-184932,180.44205020994173,-18.825600217696703,4.7647058823529465,0.4239191035923053,0.4043353005312531,141.9998886960827,Par032,acisfJ1201527m185305_001N028_r0125b_regimg3.fits
2CXO J120148.9-184901,180.4541471215117,-18.817247170071724,15.201242182340993,0.3227534505680585,0.3103232200258307,8.103208769246862,Par032,acisfJ1201527m185305_001N028_r0129b_regimg3.fits
2CXO J120149.2-185025,180.45523207528527,-18.84041851837121,3.230769230769231,0.9700209614175508,0.4780471917383595,120.67799663518213,Par032,acisfJ1201527m185305_001N028_r0118b_regimg3.fits
2CXO J120150.0-184953,180.45840116969305,-18.8316260890452,25.306706278837908,0.297929277370247,0.2949336066214578,16.49015706211361,Par032,acisfJ1201548m185204_002N028_r0217b_regimg3.fits
2CXO J120150.1-184745,180.45917328972143,-18.79600204334505,2.7179487179487767,2.145355473379022,0.8862103000772088,36.09580923571352,Par032,acisfJ1201548m185204_002N028_r0153b_regimg3.fits
2CXO J120150.6-184921,180.46096254580573,-18.82258514188973,5.235294117647113,0.4236181528230308,0.3957871412414324,137.74170018163835,Par032,acisfJ1201527m185305_001N028_r0127b_regimg3.fits
2CXO J120151.7-184754,180.4654577480144,-18.798329300424843,4.969696969697318,0.7568752249663436,0.502405160471582,22.35327195655788,Par032,acisfJ1201548m185204_002N028_r0114b_regimg3.fits
2CXO J114544.5+202042,176.43572194501826,20.345178977088235,2.702702702702706,3.5805919145075618,3.5805905953224246,0.0,Par033,acisfJ1146116p202412_001N026_r0012b_regimg3.fits
2CXO J114550.1+202238,176.45896793917382,20.37720606671836,2.555555555555561,2.034815136248668,2.0348128149245457,0.0,Par033,acisfJ1146116p202412_001N026_r0009b_regimg3.fits
2CXO J114549.0+202333,176.4541808805394,20.392514142039463,3.3714285714284955,3.887119067217951,1.927730552923514,2.977466894513128,Par033,acisfJ1146116p202412_001N026_r0006b_regimg3.fits
2CXO J120610.2-083805,181.542822383086,-8.634916683122439,2.4210526315790624,2.625440593134001,2.252700648226865,16.304808644291995,Par035,acisfJ1206160m084601_001N026_r0080b_regimg3.fits
2CXO J120611.5-083955,181.5482273070481,-8.665551989194238,1.999999999999852,2.5371302059595187,2.095213284447953,128.7112750796684,Par035,acisfJ1206160m084601_001N026_r0041b_regimg3.fits
2CXO J120617.1-083738,181.57152379487425,-8.627346064873606,3.696969696969824,1.8547547998626497,1.3123339135925556,41.49022006875029,Par035,acisfJ1206160m084601_001N026_r0044b_regimg3.fits
2CXO J120618.0-083818,181.57529676957688,-8.638649369382652,2.666666666666702,5.258123433259245,3.897088802678466,65.82877631088581,Par035,acisfJ1206160m084601_001N026_r0074b_regimg3.fits
2CXO J120618.7-083916,181.57810729007508,-8.654826181794824,2.4324324324323854,1.481269846943727,1.3591046088598704,15.018872846606628,Par035,acisfJ1206160m084601_001N026_r0052b_regimg3.fits
2CXO J120624.2-083831,181.601119172675,-8.642330203526365,6.066314800066107,1.2504462675553378,0.9451054146167314,44.40462503506356,Par035,acisfJ1206160m084601_001N026_r0043b_regimg3.fits
2CXO J142021.2+530409,215.0885507152227,53.06922533307666,4.787878787878753,0.3925636740766113,0.3584628615254658,169.26533728960246,Par038,acisfJ1420147p530007_001N030_r0150b_regimg3.fits
2CXO J142013.7+530417,215.0571940914091,53.07142796721927,2.9473684210526017,0.8654630976820453,0.624193953562945,70.319936101497,Par038,acisfJ1420147p530007_001N030_r0308b_regimg3.fits
2CXO J142013.9+530249,215.05833584850188,53.04718548786085,2.6499999999998862,0.5238803513491369,0.4954753230793655,49.03470705459597,Par038,acisfJ1420147p530007_001N030_r0205b_regimg3.fits
2CXO J142019.9+530507,215.08319036490445,53.08548428541463,2.7499999999999525,1.6034273681722624,1.603424422315657,0.0,Par038,acisfJ1420147p530007_001N030_r0349b_regimg3.fits
2CXO J142018.3+530157,215.0763992781084,53.0327082888106,2.0000000000000004,1.3781451396615814,1.1524872340350976,109.66333815313146,Par038,acisfJ1420280p530201_001N030_r0240b_regimg3.fits
2CXO J142020.3+530156,215.08465320684687,53.0323946503168,7.80859115505972,0.3272732553897129,0.3083228075293585,10.194447658471375,Par038,acisfJ1420147p530007_001N030_r0301b_regimg3.fits
2CXO J142021.5+530159,215.08996147846665,53.03313743711635,3.1578947368422217,0.8448884990639417,0.8335869177155316,168.07471555329076,Par038,acisfJ1420147p530007_001N030_r0120b_regimg3.fits
2CXO J142021.6+530352,215.09025081397223,53.0645701226932,2.7179487179488366,0.7555010142622421,0.5698732323739497,7.590980867819127,Par038,acisfJ1420147p530007_001N030_r0148b_regimg3.fits
2CXO J142022.1+530214,215.09207633394865,53.03734162384743,4.111111111111219,0.3835440866274529,0.3731950764983604,79.48770029809805,Par038,acisfJ1420147p530007_001N030_r0125b_regimg3.fits
2CXO J142022.3+530331,215.0931178946065,53.05887804796699,5.533333333333312,0.3964310723829292,0.3711390079023985,27.68626174978641,Par038,acisfJ1420280p530201_001N030_r0077b_regimg3.fits
2CXO J142023.1+530518,215.09666813871195,53.08839345939662,9.336855731946052,0.3728151785492654,0.3653670027497435,36.87014702668196,Par038,acisfJ1420147p530007_001N030_r0159b_regimg3.fits
2CXO J142023.3+530511,215.09731041275109,53.08654053272929,8.166749843363318,0.3524833423079445,0.3465642122644702,153.00882844121395,Par038,acisfJ1420147p530007_001N030_r0158b_regimg3.fits
2CXO J142025.4+530443,215.10608805142965,53.07881819708484,3.891891891891918,0.5063851188756208,0.4574362715422141,170.5718416837698,Par038,acisfJ1420280p530201_001N030_r0088b_regimg3.fits
2CXO J142026.2+530049,215.1095531697856,53.01389539923443,4.055555555555536,0.3951062976173152,0.3730178389369585,176.1083437325774,Par038,acisfJ1420147p530007_001N030_r0099b_regimg3.fits
2CXO J142037.1+530345,215.15491746509545,53.06264563861004,4.114285714285894,0.510482108185346,0.4775528989048624,68.82847100612344,Par038,acisfJ1420147p530007_001N030_r0147b_regimg3.fits
2CXO J142027.4+530454,215.1145872457064,53.0818510403125,58.69682269951345,0.2965148865439955,0.2954456530932498,169.4748019655196,Par038,acisfJ1420147p530007_001N030_r0156b_regimg3.fits
2CXO J142032.0+530238,215.1334868339001,53.04398746780486,2.050000000000047,0.6603191575801484,0.524330972579524,59.18103403497759,Par038,acisfJ1420280p530201_001N030_r0064b_regimg3.fits
2CXO J142028.1+530404,215.1173546378349,53.067859158854766,3.473684210526475,0.7671587551621569,0.5854905026884868,167.07563714282776,Par038,acisfJ1420147p530007_001N030_r0149b_regimg3.fits
2CXO J142028.8+530223,215.1201478806986,53.04001612941349,7.317011400427185,0.3942805454943229,0.3791967767873291,16.207269409659574,Par038,acisfJ1420147p530007_001N030_r0127b_regimg3.fits
2CXO J142029.4+530035,215.12272068470463,53.009870698522825,2.1000000000000463,0.9348290121884348,0.5949022719418409,100.9104805209728,Par038,acisfJ1420280p530201_001N030_r0140b_regimg3.fits
2CXO J142031.9+530546,215.13298370749635,53.09634000197742,3.9444444444444704,0.5497066026162566,0.5237541079287844,168.08570523318187,Par038,acisfJ1420280p530201_001N030_r0098b_regimg3.fits
2CXO J142032.1+530106,215.1341005838931,53.01858272668494,8.05815348827876,0.31897010830548,0.3136389286715589,162.60428783572496,Par038,acisfJ1420147p530007_001N030_r0104b_regimg3.fits
2CXO J142032.2+530442,215.1344931984889,53.07859081727256,7.46695180240412,0.4075815592964619,0.3647459311258958,174.3846637001943,Par038,acisfJ1420147p530007_001N030_r0153b_regimg3.fits
2CXO J142032.2+530554,215.1344866672341,53.098615414016166,2.9999999999999525,0.694459168894546,0.5894463640562398,93.86265520787444,Par038,acisfJ1420280p530201_001N030_r0151b_regimg3.fits
2CXO J142032.5+530049,215.13568738699428,53.01365131902834,4.111111111110684,0.4575498428622514,0.4034113634230427,49.88723399579982,Par038,acisfJ1420147p530007_001N030_r0097b_regimg3.fits
2CXO J142032.5+530336,215.13548003874007,53.060195918097705,8.756721384716744,0.3704256137972959,0.3681488593120789,151.0981159653786,Par038,acisfJ1420147p530007_001N030_r0145b_regimg3.fits
2CXO J142033.2+530523,215.1386543696316,53.08992915341517,13.853524163607965,0.3446096964273062,0.3355680174745044,99.8922785978625,Par038,acisfJ1420147p530007_001N030_r0161b_regimg3.fits
2CXO J142033.4+530057,215.1395387104086,53.01592005645212,3.428571428571473,0.5087024406031659,0.4244647285010473,155.32949465908138,Par038,acisfJ1420280p530201_001N030_r0045b_regimg3.fits
2CXO J142033.9+530334,215.14138223222017,53.05955628525295,10.602032367426608,0.3390409000152919,0.3256092554849206,77.19812190753129,Par038,acisfJ1420147p530007_001N030_r0143b_regimg3.fits
2CXO J142034.0+530244,215.1418732498456,53.04570833549753,3.473684210526245,0.5652125464633615,0.468485819285178,39.70890919852906,Par038,acisfJ1420147p530007_001N030_r0134b_regimg3.fits
2CXO J142034.0+530327,215.14189259230443,53.05761811925792,11.566698809311536,0.3191181587558258,0.3110529750904726,29.479889302931497,Par038,acisfJ1420147p530007_001N030_r0141b_regimg3.fits
2CXO J142034.5+530438,215.1438173924728,53.07731605389424,4.457142857142916,0.4492993363934613,0.4204732492410192,44.6905494957507,Par038,acisfJ1420280p530201_001N030_r0086b_regimg3.fits
2CXO J142035.0+530157,215.1462051394272,53.03266700950768,2.2790697674418685,0.5414383945370578,0.4810513796005019,144.08110538548544,Par038,acisfJ1420280p530201_001N030_r0053b_regimg3.fits
2CXO J142035.2+530148,215.14709648572943,53.03005554952072,2.974358974358845,1.7057507076870115,1.2343184394414222,141.67677775589522,Par038,acisfJ1420147p530007_001N030_r0228b_regimg3.fits
2CXO J142035.8+530312,215.1494854143617,53.053575208924826,3.7837837837839503,1.6859191460450522,0.6635588097960323,167.25656644447253,Par038,acisfJ1420147p530007_001N030_r0206b_regimg3.fits
2CXO J142037.6+530124,215.1570268987693,53.0235900488846,2.7179487179486705,1.326585282331987,0.8707898216809702,4.3767053574249815,Par038,acisfJ1420147p530007_001N030_r0107b_regimg3.fits
2CXO J142038.4+530427,215.16038448722952,53.07434828736065,2.6315789473684803,0.8944863888229859,0.7075847286325035,9.723532197219557,Par038,acisfJ1420280p530201_001N030_r0149b_regimg3.fits
2CXO J142038.7+530558,215.16139270426447,53.09948920402284,13.356924661496231,0.3927681707299307,0.3811846056842802,44.71532200494417,Par038,acisfJ1420147p530007_001N030_r0163b_regimg3.fits
2CXO J142039.7+530114,215.1654823092004,53.02060375855161,1.6521739130434672,2.967576038362953,1.7416920944948944,107.3638121858482,Par038,acisfJ1420147p530007_001N030_r0200b_regimg3.fits
2CXO J142039.7+530405,215.1655614031248,53.068133670397344,4.303030303030222,0.4505381569813269,0.3985581448427916,67.07337266361725,Par038,acisfJ1420280p530201_001N030_r0082b_regimg3.fits
2CXO J142040.7+530451,215.1699529430789,53.08110188536188,7.409759277987706,0.5078660746475671,0.4403799226105845,171.0489172847369,Par038,acisfJ1420147p530007_001N030_r0155b_regimg3.fits
2CXO J142041.6+530229,215.17344439801693,53.04146651089286,3.567567567567776,0.9174733753362736,0.4765627751927856,127.83160967675065,Par038,acisfJ1420147p530007_001N030_r0131b_regimg3.fits
2CXO J142043.6+530216,215.1818571776265,53.037833481935145,2.842105263157801,1.1611394661330643,1.0121099075417,4.191631598899676,Par038,acisfJ1420147p530007_001N030_r0126b_regimg3.fits
2CXO J142044.9+530334,215.1871980498331,53.05972728176824,19.363360038785576,0.3170689570497011,0.3120081883877672,1.9561102343197376,Par038,acisfJ1420147p530007_001N030_r0144b_regimg3.fits
2CXO J142045.0+530435,215.1876341076992,53.07659857513522,2.1000000000000103,0.9667480429557954,0.860081418037565,48.31654117203559,Par038,acisfJ1420280p530201_001N030_r0176b_regimg3.fits
2CXO J142045.4+530329,215.1893528336102,53.05834299135909,3.314285714285667,0.5557824331621642,0.4787383443134921,98.1200218966215,Par038,acisfJ1420280p530201_001N030_r0076b_regimg3.fits
2CXO J142046.1+530204,215.19230506022245,53.03456441038942,2.4736842105264336,0.8094964678219437,0.7252869385572145,60.42239965169995,Par038,acisfJ1420280p530201_001N030_r0057b_regimg3.fits
2CXO J142047.4+530232,215.1978609284131,53.04241798473995,11.087852025731625,0.3579749807576217,0.335835355400287,86.95301791454176,Par038,acisfJ1420147p530007_001N030_r0132b_regimg3.fits
2CXO J142048.2+530144,215.20127056106327,53.02919564554845,6.428571428571597,0.4460707729401926,0.4147728328377359,144.50042752325572,Par038,acisfJ1420147p530007_001N030_r0366b_regimg3.fits
2CXO J142048.4+530218,215.201755359476,53.03837417463457,2.6666666666665564,1.4982390680065112,1.3717587949099042,174.64513933247167,Par038,acisfJ1420147p530007_001N030_r0351b_regimg3.fits
2CXO J120536.8-073315,181.4034641076076,-7.554356754958819,3.2941176470587523,4.499392539793109,3.752514951065109,68.02040176505056,Par040,acisfJ1205225m074238_001N026_r0064b_regimg3.fits
2CXO J124532.4+033249,191.38515008524743,3.547096799933993,4.5555555555556335,2.512794187308421,1.7672655990640933,50.90929323442174,Par041,acisfJ1245445p032358_001N026_r0159b_regimg3.fits
2CXO J124536.9+033122,191.4041379342605,3.5228623450044574,4.61111111111102,2.0317672781131426,0.8699486422117348,43.88384481601702,Par041,acisfJ1245445p032358_001N026_r0111b_regimg3.fits
2CXO J124538.7+033127,191.41156014895955,3.524333686603909,7.970747112507183,1.27524097227975,0.7321447879021772,23.5057656036596,Par041,acisfJ1245445p032358_001N026_r0085b_regimg3.fits
2CXO J124543.5+033221,191.43166013066784,3.539367551387894,7.798576449065521,1.4189842315829135,0.927840190253146,53.173409119979226,Par041,acisfJ1245445p032358_001N026_r0086b_regimg3.fits
2CXO J124546.5+033223,191.4440529814649,3.539909701142425,5.672038713241696,1.3627697131884613,0.936489893447091,55.91238795030094,Par041,acisfJ1245445p032358_001N026_r0087b_regimg3.fits
2CXO J141302.4-031348,213.26022121622543,-3.230276275358999,2.1052631578947265,1.2069990537294577,1.2069990537294577,0.0,Par043,acisfJ1413134m031256_001N026_r0015b_regimg3.fits
2CXO J095720.4+023257,149.33518857716265,2.549378883653386,2.105263157894734,3.523106045570708,1.7845777472304416,0.3063562380503981,Par046,acisfJ0957482p023714_001N029_r0065b_regimg3.fits
2CXO J095722.9+023146,149.34552789206646,2.5297104458581208,11.107642559470124,0.8360255823178301,0.5834782294837357,165.3426414144493,Par046,acisfJ0957482p023714_001N029_r0001b_regimg3.fits
2CXO J095727.4+023440,149.36427358430063,2.5779225184953845,3.5757575757576263,0.8729406296985766,0.7465892371816079,160.0138093453623,Par046,acisfJ0957482p023714_001N029_r0027b_regimg3.fits
2CXO J095728.5+023145,149.3690873829711,2.529404930063148,5.028571428571312,1.5094052223177243,0.7832870275317892,165.43836092980692,Par046,acisfJ0957482p023714_001N029_r0002b_regimg3.fits
2CXO J095741.4+021229,149.42252481078685,2.2083969057149204,2.833333333333333,4.569237429826108,2.580281295955668,65.78114719953442,Par047,acisfJ0957597p021843_001N031_r0091b_regimg3.fits
2CXO J095741.9+021151,149.4246324979748,2.197705945133127,2.64864864864864,5.482736450681435,3.725749186382416,78.31764712841573,Par047,acisfJ0957597p021843_001N029_r0083b_regimg3.fits
2CXO J095747.9+020833,149.44967166040976,2.142671897517608,3.636363636363735,1.783537242161428,1.2390812427282287,102.09267570997768,Par047,acisfJ0958203p020845_001N029_r0061b_regimg3.fits
2CXO J095743.0+013946,149.42956238845676,1.663147652514893,7.715790662268,0.9877732050496038,0.7191719320657933,171.99946580370204,Par048,acisfJ0958113p014325_001N031_r0030b_regimg3.fits
2CXO J095851.2+020227,149.71328577652014,2.0408221174388443,2.157894736842124,1.3214337481821048,1.3214337481821048,0.0,Par049,acisfJ0958479p020543_001N031_r0100b_regimg3.fits
2CXO J095837.5+020304,149.65634905966186,2.051071525429891,5.257142857143205,0.4168969632107291,0.3723587893922273,65.6125684466549,Par049,acisfJ0958479p020543_001N031_r0011b_regimg3.fits
2CXO J095837.5+020434,149.6562903381634,2.076214053815078,6.556110988419157,0.361911818689834,0.3555255344210764,105.7995240634458,Par049,acisfJ0958479p020543_001N029_r0018b_regimg3.fits
2CXO J095838.9+020333,149.66245063849067,2.059271125178758,2.526315789474,3.247131545988607,1.364546651448979,124.11974682636465,Par049,acisfJ0958370p015812_001N031_r0091b_regimg3.fits
2CXO J095839.2+020506,149.6635471127595,2.0851616555238617,9.229085172775113,0.3385808372319573,0.3128397201845694,70.50190353797177,Par049,acisfJ0958479p020543_001N029_r0021b_regimg3.fits
2CXO J095840.6+020426,149.66918581955372,2.0740255468225377,14.475735227910691,0.3091948065508039,0.3026325908552995,22.386369492560107,Par049,acisfJ0958479p020543_001N029_r0017b_regimg3.fits
2CXO J095841.0+020327,149.67119753099138,2.0575199563957915,3.636363636363485,0.5463624638043059,0.5082937225190793,58.38687978065326,Par049,acisfJ0958370p015812_001N031_r0048b_regimg3.fits
2CXO J095841.5+020443,149.67310418702385,2.078625304345644,2.8888888888890474,0.5535939424799327,0.4452228435615927,49.06586248948824,Par049,acisfJ0958479p020543_001N031_r0094b_regimg3.fits
2CXO J095843.3+020121,149.68053190558055,2.0224775960811066,2.105263157895,1.1214199550128905,0.8467425554006642,168.65402094873676,Par049,acisfJ0959071p015528_001N031_r0045b_regimg3.fits
2CXO J095842.9+020125,149.67887326973027,2.023828828179704,4.473684210526363,0.4748449858456756,0.3890950662466084,160.53119725513065,Par049,acisfJ0958370p015812_001N031_r0026b_regimg3.fits
2CXO J095844.7+020249,149.68640916483855,2.047111140580121,3.4285714285716984,0.6359562231953828,0.5335025410674075,27.0558917748682,Par049,acisfJ0958479p020543_001N029_r0010b_regimg3.fits
2CXO J095845.6+020220,149.6901681320868,2.039089642052024,2.4210526315788026,1.2293412466061886,0.8747730281239723,35.75942209477034,Par049,acisfJ0958370p015812_001N029_r0060b_regimg3.fits
2CXO J095850.1+020521,149.70902425036007,2.089203315960896,2.8,0.5803612882317346,0.5157751108351765,6.17312765749702,Par049,acisfJ0958479p020543_001N029_r0023b_regimg3.fits
2CXO J095851.7+020059,149.71564105823484,2.0164653140456936,5.200000000000164,0.4646183781544695,0.4322169529171362,21.418472152679698,Par049,acisfJ0958370p015812_001N029_r0023b_regimg3.fits
2CXO J095856.1+020434,149.7337888438134,2.0763795964379352,3.4285714285716606,0.4563197065273591,0.3685976465013454,170.19481935755414,Par049,acisfJ0958479p020543_001N029_r0019b_regimg3.fits
2CXO J095856.6+020139,149.73591428266093,2.0275119991174257,7.391210556278255,0.4036220667881974,0.3826069785649712,23.27977608170008,Par049,acisfJ0958479p020543_001N029_r0007b_regimg3.fits
2CXO J095856.9+020523,149.73720501972008,2.0897322865853747,3.878787878787668,0.4691608539528919,0.3726757856044474,178.94183343521027,Par049,acisfJ0958479p020543_001N029_r0024b_regimg3.fits
2CXO J095857.0+020354,149.7376652254851,2.065161979982791,7.044292925324929,0.3689434807604513,0.3554325212282676,10.879972098034756,Par049,acisfJ0958479p020543_001N029_r0015b_regimg3.fits
2CXO J095857.8+020203,149.74111007133342,2.034260105489335,3.1666666666664884,0.930371961939356,0.840184863783521,35.5676019611891,Par049,acisfJ0958479p020543_001N029_r0049b_regimg3.fits
2CXO J095858.2+020500,149.74250200660867,2.08335608340748,2.914285714286,1.5731978028816684,1.067529370279348,117.4334131567005,Par049,acisfJ0959180p020259_001N031_r0054b_regimg3.fits
2CXO J123628.9+620616,189.12068062242213,62.10447480303788,10.23610351546197,0.5583177802516156,0.4844953535402223,152.10233750223506,Par050,acisfJ1236516p621303_001N026_r0006b_regimg3.fits
2CXO J123630.0+620542,189.12505760608144,62.09511641881934,4.787878787878829,1.182271391618542,0.8911957765328481,167.41815522963682,Par050,acisfJ1236516p621303_001N026_r0237b_regimg3.fits
2CXO J123634.7+620437,189.14465977756083,62.07713345335356,7.376056851246313,1.109078164290924,0.8261762840620342,144.49400807508948,Par050,acisfJ1236516p621303_001N026_r0277b_regimg3.fits
2CXO J123642.1+620612,189.17583207651,62.103553141489286,4.111111111110721,0.7961406976554677,0.6709070000811985,116.21402777287088,Par050,acisfJ1236360p621436_001N026_r0271b_regimg3.fits
2CXO J123645.1+620308,189.1880129591796,62.05239621607096,6.760429226842666,2.2691549519582206,1.3397864590390494,117.34033165302304,Par050,acisfJ1236516p621303_001N026_r0152b_regimg3.fits
2CXO J123648.2+620246,189.20100920942448,62.04642134246501,4.777777777778263,3.244667876999374,2.116597669688446,161.1360461790268,Par050,acisfJ1236516p621303_001N026_r0265b_regimg3.fits
2CXO J123648.8+620325,189.2037276134215,62.05703907888421,4.722222222221869,1.7819819721003594,1.6092936156699678,125.9909360883828,Par050,acisfJ1236516p621303_001N026_r0153b_regimg3.fits
2CXO J123649.0+620438,189.2038906279554,62.07734884967561,4.588235294117648,1.7622792274134649,1.119695906467187,148.31108056120834,Par050,acisfJ1236516p621303_001N026_r0284b_regimg3.fits
2CXO J123654.8+620426,189.2285360726177,62.07402246505008,2.585365853658536,2.202173543551246,1.591362896652287,107.01086578993248,Par050,acisfJ1236516p621303_001N026_r0258b_regimg3.fits
2CXO J123656.8+620458,189.2370600676819,62.083052422372525,11.861404670907731,0.5338211785274696,0.4349947820366281,123.08509605522931,Par050,acisfJ1236516p621303_001N026_r0004b_regimg3.fits
2CXO J123657.6+620314,189.24027287730564,62.05408765729549,5.028571428571119,1.7151482047780218,0.9000402247808899,172.92815687503116,Par050,acisfJ1236516p621303_001N026_r0001b_regimg3.fits
2CXO J123658.7+620401,189.2446716793844,62.06722768921191,10.351899313894627,0.5620531396183377,0.4994821301650464,115.2397209579266,Par050,acisfJ1236516p621303_001N026_r0003b_regimg3.fits
2CXO J123703.6+620510,189.26506579811075,62.086348256215416,3.5675675675676057,2.2864309595059926,1.6125980982589538,143.1013451677866,Par050,acisfJ1236516p621303_001N026_r0391b_regimg3.fits
2CXO J100153.8+021744,150.47442493934284,2.295763906065401,2.0,2.3359587594568647,2.3359526932510137,0.0,Par051,acisfJ1002019p022207_001N031_r0110b_regimg3.fits
2CXO J100151.0+021433,150.46286239923825,2.2425635058574045,3.0731707317075454,0.4754215837165085,0.4331775892582665,44.15305329333887,Par051,acisfJ1001402p020705_001N030_r0101b_regimg3.fits
2CXO J100155.0+021511,150.4795131998087,2.2531113159679883,3.4117647058823457,0.3948312387966223,0.3652635641479889,125.92024351739524,Par051,acisfJ1001511p021436_001N031_r0024b_regimg3.fits
2CXO J100155.6+021623,150.48170221571718,2.2731899760559693,3.055555555556,0.4336462171325704,0.4032708333520781,80.06357284956619,Par051,acisfJ1001511p021436_001N031_r0028b_regimg3.fits
2CXO J100157.9+021519,150.49129768272132,2.2552805372802665,2.1578947368420884,0.7341291735897244,0.5712061414118772,41.68838519395479,Par051,acisfJ1001511p021436_001N031_r0025b_regimg3.fits
2CXO J100158.6+021331,150.4941574140513,2.2254765131398835,2.157894736842111,0.6601832308399607,0.509361271386272,177.66618226263603,Par051,acisfJ1001511p021436_001N031_r0014b_regimg3.fits
2CXO J100201.5+021445,150.50646074577878,2.2459862764700373,3.641025641026,1.1822793820796773,0.933787564368922,75.5941964326351,Par051,acisfJ1001511p021436_001N031_r0050b_regimg3.fits
2CXO J100202.1+021601,150.50898920722227,2.2669317085802527,3.238095238095485,4.078758459853228,4.078757301789205,0.0,Par051,acisfJ1002222p021159_001N031_r0088b_regimg3.fits
2CXO J100206.3+021441,150.52624928036096,2.2448813255642333,6.108563105108,0.3732836637214736,0.3679820275243025,135.17856679637916,Par051,acisfJ1001511p021436_001N031_r0021b_regimg3.fits
2CXO J100208.6+021623,150.53615764885376,2.27325947752991,4.666666666666666,0.5536024747740971,0.48676162672352,136.3551405291705,Par051,acisfJ1001511p021436_001N029_r0027b_regimg3.fits
2CXO J100210.9+021654,150.5455307363373,2.2818079535621623,4.258064516129217,0.7992021464950477,0.549869839639323,166.5751578243523,Par051,acisfJ1001511p021436_001N031_r0029b_regimg3.fits
2CXO J100035.7+020515,150.14888951417606,2.0877447168679644,2.378378378378232,5.073782354724421,2.8714225241648537,134.74932228741193,Par052,acisfJ1000592p020218_001N030_r0092b_regimg3.fits
2CXO J100033.5+015952,150.1397478416294,1.9978974056466337,2.914285714286,0.7171066400856011,0.6863450178906029,152.37582893523614,Par052,acisfJ1000181p015731_001N030_r0020b_regimg3.fits
2CXO J100034.2+020302,150.14287265856922,2.050603582729712,4.258064516129,0.7127195624528703,0.6508010458215105,115.90155941143952,Par052,acisfJ1000181p015731_001N031_r0090b_regimg3.fits
2CXO J100034.9+020234,150.145566885069,2.0430241076421622,12.34341770411,0.323002147961273,0.3095307105274796,145.32200945034594,Par052,acisfJ1000299p020542_001N031_r0008b_regimg3.fits
2CXO J100035.7+020337,150.14879872047766,2.0604878813421754,4.000000000000052,0.5719664090970684,0.4712603466424393,126.8968968535136,Par052,acisfJ1000299p020542_001N031_r0103b_regimg3.fits
2CXO J100036.6+020404,150.15270242110716,2.06778665719981,3.365853658537,0.4304648490924584,0.3656513080244462,117.72185548476502,Par052,acisfJ1000299p020542_001N031_r0013b_regimg3.fits
2CXO J100037.6+020521,150.15694873926827,2.089393057992926,3.3000000000002108,0.4535787541599873,0.410710170676516,118.85155521283322,Par052,acisfJ1000299p020542_001N030_r0017b_regimg3.fits
2CXO J100042.1+020050,150.17563996312043,2.0140352592822857,2.4864864864864744,1.7177762305476243,1.2173758164141453,70.3230739981862,Par052,acisfJ1000592p020218_001N030_r0080b_regimg3.fits
2CXO J100043.3+020433,150.18072029499058,2.0759434104614347,3.352941176471,0.4610464330015263,0.3785110495372045,160.8075763680152,Par052,acisfJ1000592p020218_001N030_r0033b_regimg3.fits
2CXO J100046.7+020233,150.1945890570895,2.042540018043858,2.0,1.2441409634907692,0.6574013166831136,89.62046137408822,Par052,acisfJ1000592p020218_001N030_r0022b_regimg3.fits
2CXO J100046.7+020404,150.1947272819939,2.067912045502438,12.090928732522007,0.3140904095067842,0.3012402839522496,138.40926696889557,Par052,acisfJ1000592p020218_001N030_r0032b_regimg3.fits
2CXO J100047.7+020110,150.1987699425528,2.019490272271761,2.833333333333136,0.90823710141133,0.8793883476100365,133.91526919284965,Par052,acisfJ1000592p020218_001N030_r0019b_regimg3.fits
2CXO J100015.3+014638,150.06384869814934,1.7772748851034914,2.7567567567565874,1.7054156088137618,1.1639023881632542,33.07444878281726,Par053,acisfJ1000072p015000_001N029_r0043b_regimg3.fits
2CXO J100016.7+014740,150.06983676914126,1.7944914534806964,1.621621621622,1.346236761214871,0.9347330048971932,15.319213450101133,Par053,acisfJ1000072p015000_001N031_r0080b_regimg3.fits
2CXO J100017.6+014519,150.07352747081717,1.75541505570204,2.0,6.72569243921787,6.196781229952723,15.710635926484684,Par053,acisfJ1000277p013951_001N031_r0057b_regimg3.fits
2CXO J100021.3+014521,150.08888791603874,1.7560555795833963,2.4210526315790224,1.7304853266549247,1.7304880562123308,0.0,Par053,acisfJ1000373p014716_001N031_r0066b_regimg3.fits
2CXO J100021.4+014828,150.08935098620125,1.8079067929485304,2.324324324324465,1.5215700692059664,1.5215762778627004,0.0,Par053,acisfJ1000072p015000_001N029_r0063b_regimg3.fits
2CXO J100027.6+014747,150.11507224044328,1.7964674231596476,2.777777777778013,3.693885250181151,3.327200754591206,167.16587677079957,Par053,acisfJ1000072p015000_001N029_r0070b_regimg3.fits
2CXO J100025.4+014458,150.1060133402019,1.749558134184484,3.371428571429,0.7894379134816115,0.6651727190386059,103.53755343247362,Par053,acisfJ1000373p014716_001N031_r0010b_regimg3.fits
2CXO J100025.7+014533,150.10730579823348,1.7592021858116922,2.421052631579,0.987089152135302,0.5658974028682658,73.73436589579595,Par053,acisfJ1000277p013951_001N031_r0040b_regimg3.fits
2CXO J100029.8+014835,150.1244271031311,1.809794829300408,3.818181818181575,0.5732779729717921,0.3692122390059204,101.1226936243356,Par053,acisfJ1000373p014716_001N029_r0023b_regimg3.fits
2CXO J100030.7+014711,150.12801302387118,1.7864516758881788,4.777777777777862,0.3814695045450781,0.3396533477039404,91.1167139705241,Par053,acisfJ1000373p014716_001N029_r0015b_regimg3.fits
2CXO J100031.6+014757,150.13169953947795,1.799390118461133,10.216782019083508,0.3105818710440259,0.3064018406464807,170.94443101827696,Par053,acisfJ1000373p014716_001N031_r0020b_regimg3.fits
2CXO J100032.1+014752,150.13385021323273,1.797955042943163,4.062500000000103,0.4128552038805137,0.3683284398063815,118.56642406674727,Par053,acisfJ1000277p013951_001N031_r0033b_regimg3.fits
2CXO J100033.6+014901,150.13998830778974,1.81718387351476,4.055555555556,0.420765223599904,0.358225597122103,108.92389543406269,Par053,acisfJ1000373p014716_001N031_r0024b_regimg3.fits
2CXO J100033.8+014911,150.14110167856427,1.8198164103253287,3.235294117647144,0.5826194900407187,0.4813164206682056,138.70416355209372,Par053,acisfJ1000373p014716_001N031_r0025b_regimg3.fits
2CXO J111950.6+062955,169.96117562479049,6.498720445662575,3.0857142857143347,10.40168182654858,7.692957529279098,123.2660264901988,Par056,acisfJ1120012p064141_001N026_r0047b_regimg3.fits
2CXO J114951.1+222000,177.46338323587042,22.33351426786665,14.004809408579558,0.3844666250815904,0.3769855298378319,116.87329265896037,Par057,acisfJ1149341p222725_002N027_r0004b_regimg3.fits
2CXO J114951.3+221835,177.46390713088977,22.309881225862995,9.670877182994118,1.0366407809666789,0.6457663476066388,105.50387313522587,Par057,acisfJ1149341p222725_002N027_r0002b_regimg3.fits
2CXO J114953.6+222027,177.4734396781214,22.340999469265665,5.749999999999332,1.345222381529594,0.7682846757510665,112.09641018635118,Par057,acisfJ1149341p222725_002N027_r0006b_regimg3.fits
2CXO J114957.3+222017,177.4883591753146,22.33858613337956,3.771428571428566,1.602808619468505,0.9126728623708076,127.33718840803796,Par057,acisfJ1149341p222725_002N020_r0123b_regimg3.fits
2CXO J111950.2+064538,169.95929099452565,6.7606388350024185,4.062500000000049,0.996893281113518,0.9968980192852251,0.0,Par059,acisfJ1120012p064141_001N026_r0031b_regimg3.fits
2CXO J111953.2+064607,169.97175994944632,6.768813495063851,5.638083042777626,1.1114393452528264,0.5945925353264186,31.100781016268883,Par059,acisfJ1120012p064141_001N026_r0021b_regimg3.fits
2CXO J111955.6+064706,169.98169587586062,6.785161896025548,3.3529411764706376,2.055862815945502,1.1749453874844311,38.59018932504239,Par059,acisfJ1120012p064141_001N026_r0027b_regimg3.fits
2CXO J111955.8+064527,169.98262647073386,6.757642704621389,2.3783783783783226,2.007389590391421,1.1899572302030026,35.554037496253244,Par059,acisfJ1120012p064141_001N026_r0026b_regimg3.fits
2CXO J103010.5+052940,157.54382394095933,5.494575834326868,8.539083159103663,0.5367596080611023,0.435689182368585,116.05656858997013,Par060,acisfJ1030266p052411_001N020_r0078b_regimg3.fits
2CXO J103012.5+053143,157.5521414483112,5.528643569825995,8.679868639768284,0.5376125264745112,0.5253029951974545,34.86698527345692,Par060,
2CXO J103013.2+053211,157.55502182178452,5.536397775078223,3.714285714285373,0.9160100805124592,0.8186754959106219,88.56420228664172,Par060,
2CXO J103013.5+053154,157.55637964191965,5.531686333308995,3.11111111111113,1.060421816371026,1.005705260411394,114.7853212236432,Par060,
2CXO J103014.2+053007,157.55927882667095,5.502059117895208,2.6818181818181817,1.937433709583104,1.0916067916608785,103.10111730725788,Par060,
2CXO J103014.7+052919,157.5613776862989,5.488768873033458,3.219512195122004,0.6212128861600458,0.5402943529544352,72.86470073113787,Par060,
2CXO J103016.3+053421,157.56797827114008,5.57252009004712,19.78517546342874,0.5596866495468092,0.4451804046978606,52.82707695631524,Par060,
2CXO J103018.9+052857,157.5789375530196,5.482545972858389,7.05692923123436,0.3622118769374775,0.3475713246395678,95.20049462357252,Par060,
2CXO J103020.6+053225,157.5862488266538,5.540372834653833,3.190476190476202,1.130184649928107,0.8232667940451396,27.7058479331576,Par060,
2CXO J103020.7+053238,157.5863606068641,5.544027739012733,4.235294117646983,1.2594982032311772,0.8765962078187942,19.818371967558903,Par060,
2CXO J103023.4+053015,157.59775201195123,5.504228678120238,2.2857142857143926,1.4677289277143704,0.9982143588188462,26.4784640986326,Par060,
2CXO J103025.3+053321,157.60569108696075,5.555888865813946,24.56040817195315,0.4271271097327342,0.3334357638237952,67.81538644312081,Par060,
2CXO J103025.8+053020,157.6075820128192,5.50570127260969,10.891921371959183,0.3662450513445374,0.3222408221502087,17.943213942986375,Par060,
2CXO J103026.0+053346,157.6087205880102,5.562933639455851,8.174820026857532,0.6523741135900152,0.5507796425533015,56.8465834506892,Par060,
2CXO J103026.4+053121,157.61074293341483,5.522902702211973,12.059040944641517,0.3627331261627006,0.329560077759171,26.551971764077337,Par060,
2CXO J103027.1+052917,157.61307339228586,5.488196176048736,4.045454545454515,1.0434124183314608,0.6791012829861653,28.31509643835,Par060,
2CXO J103028.4+053114,157.61856908998936,5.520807084602503,11.491643787266623,0.4098006066128653,0.3294167202759023,61.54861668736234,Par060,
2CXO J095946.7-224853,149.94473030296672,-22.814813253953314,4.833333333333195,0.91185477981661,0.5909030009617151,110.53406528571846,Par063,
2CXO J095951.8-224728,149.96598206881976,-22.79124269792697,6.024396955694,1.0756575138426672,0.7248374337602425,94.94680799715265,Par063,
2CXO J100001.0-224713,150.00449043330673,-22.78713282261128,3.294117647059,2.165274396768205,1.2626370212918068,88.95692760360419,Par063,
