name	ra	dec	significance	error_ellipse_r0	error_ellipse_r1	error_ellipse_angle	par_name
2CXO J111959.4+063641	169.997826	6.611406	4.72	1.15967	0.635	136.167	Par001
2CXO J112001.2+063610	170.005175	6.602871	2.56	2.95072	1.25791	138.979	Par001
2CXO J112008.8+063438	170.036895	6.577439	2.21	3.47885	3.47885	0.0	Par001
2CXO J112009.1+063814	170.038094	6.63749	4.32	0.84893	0.68204	119.97	Par001
2CXO J114824.6+524847	177.102851	52.813074	2.7	1.34088	0.67603	177.741	Par002
2CXO J114824.3+524815	177.101473	52.804438	7.08	0.4286	0.34479	175.473	Par002
2CXO J114825.1+524724	177.104584	52.790179	6.72	0.6946	0.43927	170.29	Par002
2CXO J114831.2+524807	177.130191	52.802157	3.29	1.17873	0.66302	172.773	Par002
2CXO J114833.2+524845	177.138346	52.812741	2.54	1.30021	0.62762	166.376	Par002
2CXO J114833.5+524939	177.139606	52.827699	5.41	0.47632	0.36327	148.694	Par002
2CXO J114835.3+524912	177.147131	52.820118	3.14	0.9993	0.50175	150.461	Par002
2CXO J114835.5+524903	177.148149	52.817761	4.0	0.74983	0.48084	162.723	Par002
2CXO J114837.4+524717	177.156038	52.788297	6.51	0.82563	0.5703	177.553	Par002
2CXO J114839.8+524721	177.166152	52.789209	3.58	1.86516	0.67159	163.427	Par002
2CXO J114840.1+524928	177.167396	52.824583	2.83	1.21562	0.62959	153.285	Par002
2CXO J114847.2+524555	177.196718	52.765296	3.18	2.60573	1.31492	152.307	Par002
2CXO J114850.2+524830	177.209339	52.808516	9.67	0.72199	0.47591	162.348	Par002
2CXO J100127.8+022358	150.366096	2.399474	3.82	0.44658	0.36958	47.738	Par003
2CXO J100130.5+022528	150.377499	2.424639	3.26	0.59495	0.55183	175.451	Par003
2CXO J100136.4+022238	150.401802	2.377432	2.8	2.04033	1.58363	125.643	Par003
2CXO J100136.7+022323	150.402973	2.389866	6.9	0.44173	0.36131	131.696	Par003
2CXO J100137.0+022410	150.404538	2.402859	3.76	0.40756	0.37542	115.934	Par003
2CXO J100137.5+022155	150.406679	2.365482	3.37	0.57294	0.46855	136.884	Par003
2CXO J100138.7+022126	150.411463	2.357391	4.72	0.85155	0.73673	136.793	Par003
2CXO J100139.7+022548	150.415591	2.43022	4.38	0.50496	0.44367	89.865	Par003
2CXO J100141.2+022307	150.42194	2.385486	6.87	0.45523	0.36574	103.966	Par003
2CXO J100142.3+022552X	150.426405	2.431205	7.6	5.92449	5.92449	0.0	Par003
2CXO J100143.2+022617	150.430375	2.438213	4.26	0.50714	0.47681	73.9	Par003
2CXO J100143.4+022329	150.43093	2.391631	4.26	0.50619	0.39719	110.433	Par003
2CXO J100143.4+022623	150.431081	2.439801	2.16	1.32592	1.26349	100.079	Par003
2CXO J100144.6+022648	150.43592	2.44683	2.05	1.08964	0.91034	72.133	Par003
2CXO J100145.1+022456	150.438156	2.415792	6.52	0.38393	0.33943	95.03	Par003
2CXO J100146.6+022211	150.444523	2.369738	5.09	0.52442	0.41815	101.399	Par003
2CXO J100146.9+022448	150.445771	2.413529	2.43	2.07029	1.32803	142.288	Par003
2CXO J100148.0+022317	150.450163	2.388128	2.11	1.60721	1.60721	0.0	Par003
2CXO J100150.0+022350	150.458425	2.397371	2.58	0.88681	0.63814	108.035	Par003
2CXO J122645.3+214432	186.688917	21.742394	9.09	0.55018	0.37035	76.322	Par004
2CXO J122647.7+214401	186.698859	21.733674	15.3	0.45534	0.3891	15.784	Par004
2CXO J100226.1+020429	150.608802	2.074767	2.43	1.63367	1.11028	20.519	Par005
2CXO J100226.6+020541	150.610908	2.094825	2.0	1.62334	1.50331	1.906	Par005
2CXO J100226.9+020439	150.612277	2.077664	2.11	1.07849	0.80564	179.636	Par005
2CXO J100227.5+020417	150.614776	2.071364	2.7	0.82397	0.65007	177.562	Par005
2CXO J100228.8+020506	150.619913	2.085299	3.17	0.97531	0.69532	7.529	Par005
2CXO J100230.8+020542	150.628695	2.095184	3.14	0.81724	0.76873	96.623	Par005
2CXO J100231.6+020415	150.63175	2.070946	5.76	0.40583	0.35761	12.767	Par005
2CXO J100233.3+020718	150.639109	2.121741	4.0	0.60656	0.48563	11.089	Par005
2CXO J100234.4+020705	150.643729	2.118271	4.19	0.59208	0.50265	9.572	Par005
2CXO J100235.4+020805	150.647849	2.134625	2.61	1.50248	0.9718	4.964	Par005
2CXO J100236.3+020415	150.651392	2.070951	2.32	0.62857	0.4817	92.512	Par005
2CXO J100236.4+020715	150.651872	2.120864	7.0	0.42127	0.37279	179.302	Par005
2CXO J100236.5+020217	150.652122	2.038134	5.14	0.51705	0.43153	8.963	Par005
2CXO J100239.2+020337	150.663555	2.060288	6.89	0.43522	0.4154	97.717	Par005
2CXO J100240.8+020325	150.670075	2.056991	2.54	0.52077	0.44565	37.347	Par005
2CXO J100242.4+020229	150.676804	2.041552	2.8	6.36501	3.90636	65.507	Par005
2CXO J100243.8+020502	150.682653	2.084064	7.93	0.3641	0.34246	62.673	Par005
2CXO J100244.6+020419	150.68608	2.072151	2.92	0.85436	0.72442	163.071	Par005
2CXO J100243.4+021032	150.680897	2.175524	2.78	0.5242	0.46896	42.219	Par006
2CXO J100244.7+020744	150.686437	2.128801	1.84	1.08048	0.87316	13.923	Par006
2CXO J100247.9+020648	150.699745	2.113412	2.49	0.9182	0.63021	148.381	Par006
2CXO J100249.9+020753	150.708051	2.131438	2.16	0.66113	0.53924	124.016	Par006
2CXO J100250.2+020850	150.709241	2.147344	4.53	0.4807	0.39863	151.152	Par006
2CXO J112039.8+064056	170.166112	6.682246	4.43	2.99305	2.10515	90.747	Par008
2CXO J121222.3+272858	183.093395	27.482707	3.37	1.63651	1.15717	82.773	Par009
2CXO J121223.2+273047	183.096788	27.512943	6.7	0.59984	0.5333	68.653	Par009
2CXO J121229.5+272803	183.123385	27.467537	2.59	2.57838	1.8903	81.526	Par009
2CXO J121234.5+273200	183.144272	27.533407	3.9	2.3108	1.14379	45.536	Par009
2CXO J121235.3+273152	183.147238	27.531246	2.9	2.44971	1.3817	32.327	Par009
2CXO J133814.5-195440	204.56067	-19.911293	15.2	1.43289	1.04165	55.951	Par011
2CXO J133819.7-195018	204.582311	-19.838427	2.94	3.53786	2.10284	58.764	Par011
2CXO J145715.7+244231	224.315591	24.708593	3.0	3.40321	2.14023	68.11	Par014
2CXO J145720.6+244054	224.335968	24.681641	2.43	2.65026	1.49751	86.32	Par014
2CXO J145721.5+244350	224.339721	24.730743	5.54	2.13678	1.33434	62.706	Par014
2CXO J145725.7+244150	224.357304	24.697279	3.14	2.8203	2.12563	67.475	Par014
2CXO J145729.1+244430	224.371225	24.741718	7.58	2.94251	1.74099	85.118	Par014
2CXO J100106.6+015211	150.277739	1.869809	3.12	1.10466	1.10465	0.0	Par017
2CXO J100111.1+015322	150.296278	1.889588	2.7	0.81901	0.49925	107.541	Par017
2CXO J100111.0+015334	150.296155	1.892977	2.26	0.57399	0.52064	111.889	Par017
2CXO J100113.4+015229	150.306182	1.874929	4.49	3.80096	2.40183	4.959	Par017
2CXO J100114.0+015329	150.30874	1.891499	6.36	0.38562	0.35389	108.302	Par017
2CXO J100114.1+015444	150.308879	1.912273	10.2	0.36331	0.35659	174.419	Par017
2CXO J100115.9+015312	150.316604	1.886983	3.94	0.39865	0.36157	128.833	Par017
2CXO J100119.1+015427	150.329888	1.907593	2.3	1.03673	0.6724	128.279	Par017
2CXO J100118.5+015542	150.327213	1.928525	6.12	0.38448	0.36224	170.659	Par017
2CXO J100121.7+015313	150.340455	1.887241	2.05	0.5056	0.48849	37.068	Par017
2CXO J095824.6+021356	149.602441	2.232395	2.06	0.83971	0.67522	40.36	Par020
2CXO J095835.4+021526	149.647518	2.25745	3.24	0.42162	0.39249	83.98	Par020
2CXO J095823.0+021311	149.596052	2.219965	7.18	0.38745	0.36295	25.264	Par020
2CXO J095823.2+021455	149.596901	2.248772	3.0	0.7262	0.42846	64.281	Par020
2CXO J095823.2+021501	149.596756	2.250374	2.05	1.27617	0.8359	153.556	Par020
2CXO J095823.6+021201	149.598633	2.200337	2.8	1.43293	1.0711	40.347	Par020
2CXO J095824.5+021111	149.602111	2.186427	1.9	2.15491	1.40077	47.524	Par020
2CXO J095827.0+021549	149.61249	2.263774	4.26	0.68568	0.53447	65.024	Par020
2CXO J095827.0+021618	149.612689	2.271734	9.12	0.51276	0.42415	156.792	Par020
2CXO J095828.2+021256	149.617547	2.215559	4.46	0.43376	0.39952	33.011	Par020
2CXO J095828.4+021316	149.618543	2.221129	3.03	7.09493	6.22151	141.062	Par020
2CXO J095829.0+021155	149.620874	2.198766	2.49	1.37702	0.99686	140.621	Par020
2CXO J095829.2+021543	149.621663	2.261938	5.06	0.34983	0.33046	39.065	Par020
2CXO J095829.8+021050	149.624197	2.180632	10.0	0.32896	0.32552	163.824	Par020
2CXO J095832.1+021257	149.633698	2.215883	1.95	2.10016	1.32713	141.108	Par020
2CXO J095833.2+021058	149.638585	2.182887	3.76	0.77551	0.63765	17.354	Par020
2CXO J095835.7+021358	149.648793	2.232818	3.88	0.49321	0.42696	21.676	Par020
2CXO J095835.9+021233	149.64968	2.209151	2.43	1.80441	1.80441	0.0	Par020
2CXO J095840.8+021337	149.670311	2.227175	2.7	1.05466	0.90614	24.53	Par020
2CXO J114857.9+222335	177.241682	22.393443	5.09	1.80203	1.20002	95.183	Par022
2CXO J114858.7+222726	177.244934	22.45736	2.0	9.08905	8.13053	134.334	Par022
2CXO J114859.4+222519	177.247922	22.422353	4.83	1.92707	1.24461	107.804	Par022
2CXO J114903.3+222437	177.263988	22.410559	5.2	2.90482	1.98654	119.772	Par022
2CXO J114908.0+222455	177.283605	22.415468	3.58	2.48218	1.72012	99.201	Par022
2CXO J114908.3+222759	177.284752	22.466648	4.35	1.12757	1.0968	114.519	Par022
2CXO J114912.1+222441	177.301018	22.41166	5.33	0.7858	0.74721	59.437	Par022
2CXO J114912.9+222732	177.304194	22.459045	6.29	0.42943	0.38192	179.086	Par022
2CXO J114914.4+222543	177.310262	22.428728	2.57	1.09717	0.66717	159.835	Par022
2CXO J114914.4+222647	177.311106	22.4465	7.22	0.47631	0.37133	175.356	Par022
2CXO J114915.0+222537	177.312851	22.427142	3.71	0.51871	0.49108	8.067	Par022
2CXO J100006.4+023343	150.026807	2.562058	6.35	0.38011	0.33928	100.571	Par023
2CXO J100006.5+023259	150.02735	2.550032	4.11	0.52156	0.43705	127.995	Par023
2CXO J100006.8+023308	150.028611	2.552331	2.32	0.69034	0.52555	112.523	Par023
2CXO J100007.3+023253	150.030608	2.548371	4.16	1.31233	0.77652	153.219	Par023
2CXO J100007.8+023507	150.032699	2.585419	2.2	3.33193	1.50854	134.532	Par023
2CXO J100011.7+023511	150.049024	2.586633	5.67	0.73896	0.53964	139.766	Par023
2CXO J100012.7+023544	150.05296	2.595798	2.47	1.69876	0.89971	134.062	Par023
2CXO J100012.9+023522	150.053771	2.589708	16.3	0.32098	0.30165	86.342	Par023
2CXO J100014.1+023019	150.059146	2.505278	3.52	0.91427	0.74629	165.447	Par023
2CXO J100016.0+023412	150.066733	2.570277	2.38	2.22065	0.78955	84.818	Par023
2CXO J100020.3+023455	150.08463	2.582312	4.22	0.62608	0.55293	36.646	Par023
2CXO J100024.6+023149	150.102677	2.530314	14.2	0.30187	0.29979	34.715	Par023
2CXO J100024.8+023302	150.103542	2.550764	6.87	0.36196	0.3283	14.792	Par023
2CXO J100025.0+023249	150.104373	2.546956	1.95	1.51373	1.24215	58.681	Par023
2CXO J100026.7+023259	150.111518	2.549729	2.61	0.83635	0.56337	36.184	Par023
2CXO J100022.4+023025	150.0934	2.507228	2.67	1.30221	1.11546	106.351	Par024
2CXO J100028.1+022748	150.117512	2.463584	3.35	0.92193	0.65856	153.221	Par024
2CXO J100028.5+022725	150.118935	2.456993	2.7	1.45927	0.7512	148.104	Par024
2CXO J100029.2+023132	150.122026	2.525752	2.8	0.64702	0.52403	17.413	Par024
2CXO J100029.7+023044	150.124123	2.512269	2.49	0.49688	0.43211	85.791	Par024
2CXO J100030.0+022721	150.125162	2.45586	3.76	0.5994	0.51163	159.409	Par024
2CXO J100031.2+022819	150.130339	2.472124	4.57	0.43399	0.38928	140.048	Par024
2CXO J100031.7+023123	150.132326	2.523241	4.33	0.37096	0.35957	45.238	Par024
2CXO J100032.0+022726	150.133721	2.457428	2.15	1.03261	0.66144	136.57	Par024
2CXO J100033.2+022800	150.138437	2.466684	2.1	1.21875	1.21875	0.0	Par024
2CXO J100033.2+023145	150.13852	2.529327	3.03	0.4192	0.38135	75.443	Par024
2CXO J100036.0+022830	150.15025	2.475187	9.03	0.34212	0.31717	147.874	Par024
2CXO J100100.9+015547	150.253932	1.92977	5.06	0.76163	0.56371	154.21	Par025
2CXO J100053.3+020041	150.222454	2.011556	2.27	1.03267	0.67753	141.29	Par025
2CXO J100047.3+015907	150.197356	1.985398	3.18	1.89654	1.48457	51.429	Par025
2CXO J100047.6+015910	150.198337	1.986273	2.98	1.22262	1.03155	56.77	Par025
2CXO J100048.8+015859	150.203705	1.983136	2.49	1.58286	1.58286	0.0	Par025
2CXO J100051.9+015919	150.216356	1.988708	8.44	0.36294	0.33685	65.022	Par025
2CXO J100052.1+020018	150.217402	2.005063	2.27	1.01904	1.01904	0.0	Par025
2CXO J100052.9+015714	150.22048	1.953933	5.5	0.46652	0.39434	42.854	Par025
2CXO J100055.2+015937	150.229889	1.993709	2.32	1.17919	1.05474	96.152	Par025
2CXO J100055.3+015955	150.230633	1.998787	2.32	1.02918	0.87569	44.858	Par025
2CXO J100056.1+015642	150.233977	1.945137	5.93	0.36586	0.35751	10.918	Par025
2CXO J100055.8+015633	150.232578	1.942635	8.35	0.35583	0.32517	84.756	Par025
2CXO J100057.4+015548	150.239416	1.930172	6.49	0.37078	0.35641	161.096	Par025
2CXO J100057.4+015901	150.239397	1.983709	2.86	0.93823	0.70978	54.404	Par025
2CXO J100058.6+020109	150.244421	2.019285	2.56	0.75756	0.75756	0.0	Par025
2CXO J100100.8+015947	150.253399	1.996615	7.84	0.33123	0.32008	52.963	Par025
2CXO J100101.8+020037	150.257788	2.010569	2.79	0.49953	0.44958	46.376	Par025
2CXO J100103.3+015650	150.264093	1.947324	4.88	0.51245	0.48147	41.274	Par025
2CXO J100103.5+015912	150.264887	1.986938	3.54	0.6323	0.5025	67.518	Par025
2CXO J100103.6+020027	150.265194	2.0076	4.89	0.43095	0.36969	17.109	Par025
2CXO J100105.9+015919	150.274652	1.988838	3.29	0.65271	0.50355	168.912	Par025
2CXO J100106.8+015924	150.278411	1.990238	2.43	0.83137	0.73274	48.289	Par025
2CXO J100106.9+015734	150.278887	1.959517	2.59	1.50391	1.26585	70.195	Par025
2CXO J100107.4+015717	150.280973	1.954995	2.78	1.18891	0.90476	150.22	Par025
2CXO J100018.3+022541	150.076549	2.428248	2.49	0.97742	0.6045	31.5	Par026
2CXO J100022.7+022530	150.094933	2.425109	2.1	0.62104	0.50869	48.602	Par026
2CXO J100024.2+022510	150.100915	2.419435	2.72	0.58666	0.44685	44.188	Par026
2CXO J100027.9+022529	150.116698	2.424925	2.72	2.68596	1.08889	141.376	Par026
2CXO J100031.2+022620	150.130403	2.438929	2.27	1.69047	0.88263	140.093	Par026
2CXO J100037.0+022613	150.154321	2.437234	4.0	0.87836	0.65827	155.887	Par026
2CXO J100037.9+022455	150.158342	2.415361	6.34	0.42329	0.3653	92.686	Par026
2CXO J113147.6-121910	172.94855	-12.319216	4.05	8.12672	3.9811	102.796	Par027
2CXO J100013.3+022657	150.05563	2.449236	2.8	1.00549	0.88556	28.262	Par028
2CXO J100013.9+022249	150.05805	2.380359	3.88	0.68968	0.67027	5.411	Par028
2CXO J100014.9+022718	150.062097	2.455022	9.19	0.37537	0.36445	63.929	Par028
2CXO J100015.3+022504	150.064156	2.41784	4.26	0.52311	0.37285	25.393	Par028
2CXO J100016.4+022444	150.068599	2.412462	2.32	0.60263	0.49582	33.628	Par028
2CXO J100017.1+022452	150.071319	2.414506	1.85	0.6634	0.53432	35.183	Par028
2CXO J100021.9+022327	150.09132	2.391021	3.65	3.12455	1.72016	91.964	Par028
2CXO J100021.9+022356	150.091552	2.399006	7.15	0.35417	0.35338	169.634	Par028
2CXO J100049.1+014409	150.204883	1.735882	2.76	0.79824	0.68326	77.39	Par029
2CXO J100053.0+014123	150.220836	1.689852	4.13	0.60556	0.5386	70.906	Par029
2CXO J100054.7+014602	150.228281	1.767292	3.76	0.6047	0.44521	104.617	Par029
2CXO J100058.2+014559	150.242506	1.766367	18.1	0.30857	0.29995	94.672	Par029
2CXO J100058.4+014613	150.243362	1.770359	5.03	1.70114	1.48987	92.24	Par029
2CXO J100100.0+014439	150.250334	1.744169	2.97	0.56794	0.46193	82.278	Par029
2CXO J100101.0+014314	150.254546	1.720679	2.84	0.54354	0.43307	49.282	Par029
2CXO J100101.1+014132	150.254556	1.692363	2.43	0.92352	0.8002	126.449	Par029
2CXO J100102.2+014525	150.25927	1.757227	6.24	0.3851	0.35425	127.174	Par029
2CXO J100102.5+014418	150.260706	1.738532	2.37	0.4789	0.43273	79.406	Par029
2CXO J100102.9+014504	150.262447	1.751387	3.24	0.47684	0.45525	113.721	Par029
2CXO J100104.1+014203	150.267422	1.700873	3.0	0.6854	0.60853	122.812	Par029
2CXO J100107.2+014437	150.279998	1.743783	4.0	0.40183	0.38011	99.673	Par029
2CXO J100108.4+014338	150.285218	1.727292	1.83	1.69443	1.06323	46.478	Par029
2CXO J123051.4+123212	187.714513	12.53688	4.47	2.72409	1.92462	47.215	Par031
2CXO J123056.5+123301	187.735773	12.550609	2.74	0.65042	0.65042	0.0	Par031
2CXO J120135.3-184752	180.397225	-18.797941	11.2	0.85692	0.7657	72.418	Par032
2CXO J120135.8-185047	180.399356	-18.846538	3.58	1.22008	0.83833	82.68	Par032
2CXO J120138.4-185050	180.410086	-18.847271	4.06	0.90242	0.69162	96.037	Par032
2CXO J120141.4-184727	180.422555	-18.791137	20.2	0.35933	0.34768	64.132	Par032
2CXO J120141.9-185126	180.424741	-18.857429	6.05	0.37283	0.34889	146.411	Par032
2CXO J120144.5-184554	180.435542	-18.765157	3.18	3.21733	3.21733	0.0	Par032
2CXO J120143.6-184857	180.43182	-18.815928	41.4	0.30252	0.30009	111.815	Par032
2CXO J120143.7-184822	180.43218	-18.806276	3.72	0.75984	0.63121	121.206	Par032
2CXO J120144.5-184927	180.435567	-18.824127	7.21	0.56034	0.47156	137.356	Par032
2CXO J120144.5-185020	180.435474	-18.838939	4.05	0.45942	0.38873	145.757	Par032
2CXO J120146.0-184932	180.44205	-18.8256	4.76	0.42392	0.40434	142.0	Par032
2CXO J120148.9-184901	180.454147	-18.817247	15.2	0.32275	0.31032	8.103	Par032
2CXO J120149.2-185025	180.455232	-18.840419	3.23	0.97002	0.47805	120.678	Par032
2CXO J120150.0-184953	180.458401	-18.831626	25.3	0.29793	0.29493	16.49	Par032
2CXO J120150.1-184745	180.459173	-18.796002	2.72	2.14536	0.88621	36.096	Par032
2CXO J120150.6-184921	180.460963	-18.822585	5.24	0.42362	0.39579	137.742	Par032
2CXO J120151.7-184754	180.465458	-18.798329	4.97	0.75688	0.50241	22.353	Par032
2CXO J114544.5+202042	176.435722	20.345179	2.7	3.58059	3.58059	0.0	Par033
2CXO J114550.1+202238	176.458968	20.377206	2.56	2.03482	2.03481	0.0	Par033
2CXO J114549.0+202333	176.454181	20.392514	3.37	3.88712	1.92773	2.977	Par033
2CXO J120610.2-083805	181.542822	-8.634917	2.42	2.62544	2.2527	16.305	Par035
2CXO J120611.5-083955	181.548227	-8.665552	2.0	2.53713	2.09521	128.711	Par035
2CXO J120617.1-083738	181.571524	-8.627346	3.7	1.85475	1.31233	41.49	Par035
2CXO J120618.0-083818	181.575297	-8.638649	2.67	5.25812	3.89709	65.829	Par035
2CXO J120618.7-083916	181.578107	-8.654826	2.43	1.48127	1.3591	15.019	Par035
2CXO J120624.2-083831	181.601119	-8.64233	6.07	1.25045	0.94511	44.405	Par035
2CXO J142021.2+530409	215.088551	53.069225	4.79	0.39256	0.35846	169.265	Par038
2CXO J142013.7+530417	215.057194	53.071428	2.95	0.86546	0.62419	70.32	Par038
2CXO J142013.9+530249	215.058336	53.047185	2.65	0.52388	0.49548	49.035	Par038
2CXO J142019.9+530507	215.08319	53.085484	2.75	1.60343	1.60342	0.0	Par038
2CXO J142018.3+530157	215.076399	53.032708	2.0	1.37815	1.15249	109.663	Par038
2CXO J142020.3+530156	215.084653	53.032395	7.81	0.32727	0.30832	10.194	Par038
2CXO J142021.5+530159	215.089961	53.033137	3.16	0.84489	0.83359	168.075	Par038
2CXO J142021.6+530352	215.090251	53.06457	2.72	0.7555	0.56987	7.591	Par038
2CXO J142022.1+530214	215.092076	53.037342	4.11	0.38354	0.3732	79.488	Par038
2CXO J142022.3+530331	215.093118	53.058878	5.53	0.39643	0.37114	27.686	Par038
2CXO J142023.1+530518	215.096668	53.088393	9.34	0.37282	0.36537	36.87	Par038
2CXO J142023.3+530511	215.09731	53.086541	8.17	0.35248	0.34656	153.009	Par038
2CXO J142025.4+530443	215.106088	53.078818	3.89	0.50639	0.45744	170.572	Par038
2CXO J142026.2+530049	215.109553	53.013895	4.06	0.39511	0.37302	176.108	Par038
2CXO J142037.1+530345	215.154917	53.062646	4.11	0.51048	0.47755	68.828	Par038
2CXO J142027.4+530454	215.114587	53.081851	58.7	0.29651	0.29545	169.475	Par038
2CXO J142032.0+530238	215.133487	53.043987	2.05	0.66032	0.52433	59.181	Par038
2CXO J142028.1+530404	215.117355	53.067859	3.47	0.76716	0.58549	167.076	Par038
2CXO J142028.8+530223	215.120148	53.040016	7.32	0.39428	0.3792	16.207	Par038
2CXO J142029.4+530035	215.122721	53.009871	2.1	0.93483	0.5949	100.91	Par038
2CXO J142031.9+530546	215.132984	53.09634	3.94	0.54971	0.52375	168.086	Par038
2CXO J142032.1+530106	215.134101	53.018583	8.06	0.31897	0.31364	162.604	Par038
2CXO J142032.2+530442	215.134493	53.078591	7.47	0.40758	0.36475	174.385	Par038
2CXO J142032.2+530554	215.134487	53.098615	3.0	0.69446	0.58945	93.863	Par038
2CXO J142032.5+530049	215.135687	53.013651	4.11	0.45755	0.40341	49.887	Par038
2CXO J142032.5+530336	215.13548	53.060196	8.76	0.37043	0.36815	151.098	Par038
2CXO J142033.2+530523	215.138654	53.089929	13.9	0.34461	0.33557	99.892	Par038
2CXO J142033.4+530057	215.139539	53.01592	3.43	0.5087	0.42446	155.329	Par038
2CXO J142033.9+530334	215.141382	53.059556	10.6	0.33904	0.32561	77.198	Par038
2CXO J142034.0+530244	215.141873	53.045708	3.47	0.56521	0.46849	39.709	Par038
2CXO J142034.0+530327	215.141893	53.057618	11.6	0.31912	0.31105	29.48	Par038
2CXO J142034.5+530438	215.143817	53.077316	4.46	0.4493	0.42047	44.691	Par038
2CXO J142035.0+530157	215.146205	53.032667	2.28	0.54144	0.48105	144.081	Par038
2CXO J142035.2+530148	215.147096	53.030056	2.97	1.70575	1.23432	141.677	Par038
2CXO J142035.8+530312	215.149485	53.053575	3.78	1.68592	0.66356	167.257	Par038
2CXO J142037.6+530124	215.157027	53.02359	2.72	1.32659	0.87079	4.377	Par038
2CXO J142038.4+530427	215.160384	53.074348	2.63	0.89449	0.70758	9.724	Par038
2CXO J142038.7+530558	215.161393	53.099489	13.4	0.39277	0.38118	44.715	Par038
2CXO J142039.7+530114	215.165482	53.020604	1.65	2.96758	1.74169	107.364	Par038
2CXO J142039.7+530405	215.165561	53.068134	4.3	0.45054	0.39856	67.073	Par038
2CXO J142040.7+530451	215.169953	53.081102	7.41	0.50787	0.44038	171.049	Par038
2CXO J142041.6+530229	215.173444	53.041467	3.57	0.91747	0.47656	127.832	Par038
2CXO J142043.6+530216	215.181857	53.037833	2.84	1.16114	1.01211	4.192	Par038
2CXO J142044.9+530334	215.187198	53.059727	19.4	0.31707	0.31201	1.956	Par038
2CXO J142045.0+530435	215.187634	53.076599	2.1	0.96675	0.86008	48.317	Par038
2CXO J142045.4+530329	215.189353	53.058343	3.31	0.55578	0.47874	98.12	Par038
2CXO J142046.1+530204	215.192305	53.034564	2.47	0.8095	0.72529	60.422	Par038
2CXO J142047.4+530232	215.197861	53.042418	11.1	0.35797	0.33584	86.953	Par038
2CXO J142048.2+530144	215.201271	53.029196	6.43	0.44607	0.41477	144.5	Par038
2CXO J142048.4+530218	215.201755	53.038374	2.67	1.49824	1.37176	174.645	Par038
2CXO J120536.8-073315	181.403464	-7.554357	3.29	4.49939	3.75251	68.02	Par040
2CXO J124532.4+033249	191.38515	3.547097	4.56	2.51279	1.76727	50.909	Par041
2CXO J124536.9+033122	191.404138	3.522862	4.61	2.03177	0.86995	43.884	Par041
2CXO J124538.7+033127	191.41156	3.524334	7.97	1.27524	0.73214	23.506	Par041
2CXO J124543.5+033221	191.43166	3.539368	7.8	1.41898	0.92784	53.173	Par041
2CXO J124546.5+033223	191.444053	3.53991	5.67	1.36277	0.93649	55.912	Par041
2CXO J141302.4-031348	213.260221	-3.230276	2.11	1.207	1.207	0.0	Par043
2CXO J095720.4+023257	149.335189	2.549379	2.11	3.52311	1.78458	0.306	Par046
2CXO J095722.9+023146	149.345528	2.52971	11.1	0.83603	0.58348	165.343	Par046
2CXO J095727.4+023440	149.364274	2.577923	3.58	0.87294	0.74659	160.014	Par046
2CXO J095728.5+023145	149.369087	2.529405	5.03	1.50941	0.78329	165.438	Par046
2CXO J095741.4+021229	149.422525	2.208397	2.83	4.56924	2.58028	65.781	Par047
2CXO J095741.9+021151	149.424632	2.197706	2.65	5.48274	3.72575	78.318	Par047
2CXO J095747.9+020833	149.449672	2.142672	3.64	1.78354	1.23908	102.093	Par047
2CXO J095743.0+013946	149.429562	1.663148	7.72	0.98777	0.71917	171.999	Par048
2CXO J095851.2+020227	149.713286	2.040822	2.16	1.32143	1.32143	0.0	Par049
2CXO J095837.5+020304	149.656349	2.051072	5.26	0.4169	0.37236	65.613	Par049
2CXO J095837.5+020434	149.65629	2.076214	6.56	0.36191	0.35553	105.8	Par049
2CXO J095838.9+020333	149.662451	2.059271	2.53	3.24713	1.36455	124.12	Par049
2CXO J095839.2+020506	149.663547	2.085162	9.23	0.33858	0.31284	70.502	Par049
2CXO J095840.6+020426	149.669186	2.074026	14.5	0.30919	0.30263	22.386	Par049
2CXO J095841.0+020327	149.671198	2.05752	3.64	0.54636	0.50829	58.387	Par049
2CXO J095841.5+020443	149.673104	2.078625	2.89	0.55359	0.44522	49.066	Par049
2CXO J095843.3+020121	149.680532	2.022478	2.11	1.12142	0.84674	168.654	Par049
2CXO J095842.9+020125	149.678873	2.023829	4.47	0.47484	0.3891	160.531	Par049
2CXO J095844.7+020249	149.686409	2.047111	3.43	0.63596	0.5335	27.056	Par049
2CXO J095845.6+020220	149.690168	2.03909	2.42	1.22934	0.87477	35.759	Par049
2CXO J095850.1+020521	149.709024	2.089203	2.8	0.58036	0.51578	6.173	Par049
2CXO J095851.7+020059	149.715641	2.016465	5.2	0.46462	0.43222	21.418	Par049
2CXO J095856.1+020434	149.733789	2.07638	3.43	0.45632	0.3686	170.195	Par049
2CXO J095856.6+020139	149.735914	2.027512	7.39	0.40362	0.38261	23.28	Par049
2CXO J095856.9+020523	149.737205	2.089732	3.88	0.46916	0.37268	178.942	Par049
2CXO J095857.0+020354	149.737665	2.065162	7.04	0.36894	0.35543	10.88	Par049
2CXO J095857.8+020203	149.74111	2.03426	3.17	0.93037	0.84018	35.568	Par049
2CXO J095858.2+020500	149.742502	2.083356	2.91	1.5732	1.06753	117.433	Par049
2CXO J123628.9+620616	189.120681	62.104475	10.2	0.55832	0.4845	152.102	Par050
2CXO J123630.0+620542	189.125058	62.095116	4.79	1.18227	0.8912	167.418	Par050
2CXO J123634.7+620437	189.14466	62.077133	7.38	1.10908	0.82618	144.494	Par050
2CXO J123642.1+620612	189.175832	62.103553	4.11	0.79614	0.67091	116.214	Par050
2CXO J123645.1+620308	189.188013	62.052396	6.76	2.26915	1.33979	117.34	Par050
2CXO J123648.2+620246	189.201009	62.046421	4.78	3.24467	2.1166	161.136	Par050
2CXO J123648.8+620325	189.203728	62.057039	4.72	1.78198	1.60929	125.991	Par050
2CXO J123649.0+620438	189.203891	62.077349	4.59	1.76228	1.1197	148.311	Par050
2CXO J123654.8+620426	189.228536	62.074022	2.59	2.20217	1.59136	107.011	Par050
2CXO J123656.8+620458	189.23706	62.083052	11.9	0.53382	0.43499	123.085	Par050
2CXO J123657.6+620314	189.240273	62.054088	5.03	1.71515	0.90004	172.928	Par050
2CXO J123658.7+620401	189.244672	62.067228	10.4	0.56205	0.49948	115.24	Par050
2CXO J123703.6+620510	189.265066	62.086348	3.57	2.28643	1.6126	143.101	Par050
2CXO J100153.8+021744	150.474425	2.295764	2.0	2.33596	2.33595	0.0	Par051
2CXO J100151.0+021433	150.462862	2.242564	3.07	0.47542	0.43318	44.153	Par051
2CXO J100155.0+021511	150.479513	2.253111	3.41	0.39483	0.36526	125.92	Par051
2CXO J100155.6+021623	150.481702	2.27319	3.06	0.43365	0.40327	80.064	Par051
2CXO J100157.9+021519	150.491298	2.255281	2.16	0.73413	0.57121	41.688	Par051
2CXO J100158.6+021331	150.494157	2.225477	2.16	0.66018	0.50936	177.666	Par051
2CXO J100201.5+021445	150.506461	2.245986	3.64	1.18228	0.93379	75.594	Par051
2CXO J100202.1+021601	150.508989	2.266932	3.24	4.07876	4.07876	0.0	Par051
2CXO J100206.3+021441	150.526249	2.244881	6.11	0.37328	0.36798	135.179	Par051
2CXO J100208.6+021623	150.536158	2.273259	4.67	0.5536	0.48676	136.355	Par051
2CXO J100210.9+021654	150.545531	2.281808	4.26	0.7992	0.54987	166.575	Par051
2CXO J100035.7+020515	150.14889	2.087745	2.38	5.07378	2.87142	134.749	Par052
2CXO J100033.5+015952	150.139748	1.997897	2.91	0.71711	0.68635	152.376	Par052
2CXO J100034.2+020302	150.142873	2.050604	4.26	0.71272	0.6508	115.902	Par052
2CXO J100034.9+020234	150.145567	2.043024	12.3	0.323	0.30953	145.322	Par052
2CXO J100035.7+020337	150.148799	2.060488	4.0	0.57197	0.47126	126.897	Par052
2CXO J100036.6+020404	150.152702	2.067787	3.37	0.43046	0.36565	117.722	Par052
2CXO J100037.6+020521	150.156949	2.089393	3.3	0.45358	0.41071	118.852	Par052
2CXO J100042.1+020050	150.17564	2.014035	2.49	1.71778	1.21738	70.323	Par052
2CXO J100043.3+020433	150.18072	2.075943	3.35	0.46105	0.37851	160.808	Par052
2CXO J100046.7+020233	150.194589	2.04254	2.0	1.24414	0.6574	89.62	Par052
2CXO J100046.7+020404	150.194727	2.067912	12.1	0.31409	0.30124	138.409	Par052
2CXO J100047.7+020110	150.19877	2.01949	2.83	0.90824	0.87939	133.915	Par052
2CXO J100015.3+014638	150.063849	1.777275	2.76	1.70542	1.1639	33.074	Par053
2CXO J100016.7+014740	150.069837	1.794491	1.62	1.34624	0.93473	15.319	Par053
2CXO J100017.6+014519	150.073527	1.755415	2.0	6.72569	6.19678	15.711	Par053
2CXO J100021.3+014521	150.088888	1.756056	2.42	1.73049	1.73049	0.0	Par053
2CXO J100021.4+014828	150.089351	1.807907	2.32	1.52157	1.52158	0.0	Par053
2CXO J100027.6+014747	150.115072	1.796467	2.78	3.69389	3.3272	167.166	Par053
2CXO J100025.4+014458	150.106013	1.749558	3.37	0.78944	0.66517	103.538	Par053
2CXO J100025.7+014533	150.107306	1.759202	2.42	0.98709	0.5659	73.734	Par053
2CXO J100029.8+014835	150.124427	1.809795	3.82	0.57328	0.36921	101.123	Par053
2CXO J100030.7+014711	150.128013	1.786452	4.78	0.38147	0.33965	91.117	Par053
2CXO J100031.6+014757	150.1317	1.79939	10.2	0.31058	0.3064	170.944	Par053
2CXO J100032.1+014752	150.13385	1.797955	4.06	0.41286	0.36833	118.566	Par053
2CXO J100033.6+014901	150.139988	1.817184	4.06	0.42077	0.35823	108.924	Par053
2CXO J100033.8+014911	150.141102	1.819816	3.24	0.58262	0.48132	138.704	Par053
2CXO J111950.6+062955	169.961176	6.49872	3.09	10.40168	7.69296	123.266	Par056
2CXO J114951.1+222000	177.463383	22.333514	14.0	0.38447	0.37699	116.873	Par057
2CXO J114951.3+221835	177.463907	22.309881	9.67	1.03664	0.64577	105.504	Par057
2CXO J114953.6+222027	177.47344	22.340999	5.75	1.34522	0.76828	112.096	Par057
2CXO J114957.3+222017	177.488359	22.338586	3.77	1.60281	0.91267	127.337	Par057
2CXO J111950.2+064538	169.959291	6.760639	4.06	0.99689	0.9969	0.0	Par059
2CXO J111953.2+064607	169.97176	6.768813	5.64	1.11144	0.59459	31.101	Par059
2CXO J111955.6+064706	169.981696	6.785162	3.35	2.05586	1.17495	38.59	Par059
2CXO J111955.8+064527	169.982626	6.757643	2.38	2.00739	1.18996	35.554	Par059
2CXO J103010.5+052940	157.543824	5.494576	8.54	0.53676	0.43569	116.057	Par060
2CXO J103012.5+053143	157.552141	5.528644	8.68	0.53761	0.5253	34.867	Par060
2CXO J103013.2+053211	157.555022	5.536398	3.71	0.91601	0.81868	88.564	Par060
2CXO J103013.5+053154	157.55638	5.531686	3.11	1.06042	1.00571	114.785	Par060
2CXO J103014.2+053007	157.559279	5.502059	2.68	1.93743	1.09161	103.101	Par060
2CXO J103014.7+052919	157.561378	5.488769	3.22	0.62121	0.54029	72.865	Par060
2CXO J103016.3+053421	157.567978	5.57252	19.8	0.55969	0.44518	52.827	Par060
2CXO J103018.9+052857	157.578938	5.482546	7.06	0.36221	0.34757	95.2	Par060
2CXO J103020.6+053225	157.586249	5.540373	3.19	1.13018	0.82327	27.706	Par060
2CXO J103020.7+053238	157.586361	5.544028	4.24	1.2595	0.8766	19.818	Par060
2CXO J103023.4+053015	157.597752	5.504229	2.29	1.46773	0.99821	26.478	Par060
2CXO J103025.3+053321	157.605691	5.555889	24.6	0.42713	0.33344	67.815	Par060
2CXO J103025.8+053020	157.607582	5.505701	10.9	0.36625	0.32224	17.943	Par060
2CXO J103026.0+053346	157.608721	5.562934	8.17	0.65237	0.55078	56.847	Par060
2CXO J103026.4+053121	157.610743	5.522903	12.1	0.36273	0.32956	26.552	Par060
2CXO J103027.1+052917	157.613073	5.488196	4.05	1.04341	0.6791	28.315	Par060
2CXO J103028.4+053114	157.618569	5.520807	11.5	0.4098	0.32942	61.549	Par060
2CXO J095946.7-224853	149.94473	-22.814813	4.83	0.91185	0.5909	110.534	Par063
2CXO J095951.8-224728	149.965982	-22.791243	6.02	1.07566	0.72484	94.947	Par063
2CXO J100001.0-224713	150.00449	-22.787133	3.29	2.16527	1.26264	88.957	Par063
